mgc0083,
ralph_ralph1156,
ralph_ralph1156,
Jerrycbptr2010,
ralph_ralph1156,
EdwardGoebbels,
USMC1035,
TessLanei,
LatinGeneral,
knkstumpy,
DeplorablMe,
DeplorablMe,
Researcher_2017,
snarkyaussie,
amystanley4242,
Cheryl_P12,
AMERICA37199261,
tigergal7175,
LisaAlesci,
azwatergeek,
InfogretchenMy,
GS30543279,
InfogretchenMy,
GS30543279,
pat22372,
whozenexxt,
anti_cpusa,
sean0865,
jim_beau_mtb,
InfogretchenMy,
InfogretchenMy,
InfogretchenMy,
InfogretchenMy,
InfogretchenMy,
KurtEmrson,
SteveESynnott,
DadNWv,
DinaSaS69,
TheRynheart,
MarloBerliner,
joachimschwepp3,
AndrewHughes201,
