bribohan,
EDSILVER6503,
dennelo67,
dianejarrell5,
DeluxxxeOne,
rholftroy,
rholftroy,
TeaPartyOne1,
CrazyClancey1,
Jimb157,
Jimb157,
Jimb157,
rholftroy,
WFittery,
ShomahKhoobi,
zenrak,
martinoclothing,
DaneSenser,
LiSbastien1,
rbtiger63,
jamesbott007,
sayler60091,
NoMoreGames100,
holzhacker44,
PWH__,
SL_OKC,
GodBlessUSA72,
zenrak,
Patriot_MM,
stacy_redvirgo,
saintinthemakin,
ABrounty,
zerohour_media,
martinoclothing,
Leonardlenser,
Fingersflying,
TexasMadDog11,
Elliegreysz,
Pr1vate_Hud50n,
Dihaggis,
artsch01,
RoryGilligan1,
LiSbastien1,
