jimp9106,
tkopeceo,
magaxxoo,
jerrywe07276761,
tjginnynm,
Fusion4Trump,
SpankyTheDog1,
sito0625,
overhead440,
tuskytim,
realist2016jlp,
realist2016jlp,
realist2016jlp,
realist2016jlp,
realist2016jlp,
realist2016jlp,
realist2016jlp,
realist2016jlp,
realist2016jlp,
realist2016jlp,
realist2016jlp,
realist2016jlp,
realist2016jlp,
realist2016jlp,
realist2016jlp,
realist2016jlp,
realist2016jlp,
realist2016jlp,
realist2016jlp,
realist2016jlp,
realist2016jlp,
realist2016jlp,
KenGalistan,
michaelfromolg,
MsChell341,
M2McAdo,
chopperdave1776,
Diesel102168,
ThreadgoodIdgy,
Atomic_VH_Punk,
CrystalLuck63,
djrpok,
SkyVendor3,
BobbyBird2046,
KneedlerJim,
KunzTzu,
RaspanteYvonne,
parrot2905,
pzasct,
Gregory27607257,
Gregory27607257,
DevinRouse4,
ynot1942,
_Ruthie__,
theidealtwit,
theidealtwit,
theidealtwit,
sugator65,
goosechop,
Naninani51,
jimdwrench,
JohnS222325,
CMRanger1,
Lynn_Thinks,
Lee0456lee,
SeaDimon,
ChockerBerryman,
unifyusa,
nikkilacey23,
JohnS222325,
Donald4presiden,
wwwillstand,
Castterry,
o_stone,
4dash94,
PaulSim11340927,
flans321,
CMRanger1,
yaddiyaddi,
Leslie4Trump,
Webdev51,
Donald4presiden,
Donald4presiden,
DomScalise111,
Togosan2,
cmhirshon,
Cantkillrspirit,
parrot2905,
Togosan2,
riot0105,
5Kmom911,
_Ruthie__,
SusanChance2,
Garygaryaug,
spotnj9999,
wkieefer,
_Ruthie__,
cryinglibs1,
samsonmcc60,
tjginnynm,
MaryEllen2204_,
Balance622,
Bruccewayne23,
royermomma,
motmemes,
KeeptheSabbath4,
tjginnynm,
Garygaryaug,
yaddiyaddi,
Togosan2,
Kimbraov1,
hoot4fruit,
polyperplexed,
MossMo73587541,
dav_estre,
dav_estre,
dav_estre,
yaddiyaddi,
Bongsong2,
penny63434309,
missjonieooaks,
Jsano97,
c6ron,
Welly_World,
Desert2theSea,
SpcMarr,
GoodFellaAZ,
_Ruthie__,
AnnettePettigr2,
Merry__Can,
BarbaraZaccai,
Soothsayer411,
mllemaster_ml,
rondadavis3030,
JerieQuinty,
Gr8istPresident,
BauguessChris,
Saphina77,
Ba6636,
carts54,
mcg_III,
Kathlee47396161,
500pxrtg,
SillemanPam,
giladsal,
