eyebee_eddie,
dominic_santoro,
westlandwilly,
CommentDropping,
eyebee_eddie,
6coffeelover,
Patriot06516856,
anabaitntackle,
spitdabit,
spitdabit,
spitdabit,
rammensoup1945,
cheekykmk,
CarlBotha2,
kat1567,
j2nmeyer,
e28racer,
terry_wylder,
bigcoolmoss,
terry_wylder,
EddieQueener,
d_roneal,
cheekykmk,
JPDosey,
white_arrow_uk,
nqzo3,
IKillJihadis,
spitdabit,
DonaldTheCritic,
e28racer,
nantucketfair,
Penningtons5,
nantucketfair,
caprityper,
Kaladious,
plainjane52,
DonaldTheCritic,
Chris11962,
hrt6017,
terry_wylder,
PaulObrienUSA,
ManWithaPlan75,
johnstevens_jr,
NEwarriors12,
JewishRed,
ptateli,
sjchefmau,
albertc21750,
DonnaRo86165010,
Fingersflying,
PJCRealist,
Rpmonroe66,
mommags2579,
Arborsierra77,
Michael61522744,
Michael61522744,
rharrisonfries,
KarolynsKorner,
ChappyLeo,
graphikjunkie,
51103dave,
davekrakatoa,
luv2research,
moasaad1,
moasaad1,
moasaad1,
luv2research,
MMassalas,
LukmanKothawala,
413714,
Daphene23058240,
rewindpulaski1,
Bless2live,
Bless2live,
Thomorerancher1,
DCarver1018,
Kegan545,
theRealBStoner,
guttermessiah,
train0fthoughts,
RGardarsson,
ggary59,
BastrainStrain,
michaeldreikorn,
SunnyHiller,
CigarzarLV,
Duckhuntinggrl,
DonahoeThomas,
BolinKen,
BolinKen,
rdcarrington,
kelly_ramona,
hotshot1_,
RobChristie11,
littlewing628,
NL25_Tulips,
My_Eyes__Only14,
Amplitude350Lee,
saver39238877,
Loriej72,
