Jennmack7,
Jennmack7,
Jennmack7,
Jennmack7,
Jennmack7,
Jennmack7,
Jennmack7,
freemasonusa2,
0ldWest0utlaw,
GGColberg,
0ldWest0utlaw,
GGColberg,
0ldWest0utlaw,
GGColberg,
Idjitseverytime,
SerrajfcSerra,
LynBrud,
tgatorguy,
DarioWiter1,
Mamasnothappy,
FlowARiverForth,
Needamerica1,
RJoann_simmons,
BendyerJohnson,
PowerT98,
CaptainNemo3000,
SUPERLIFE,
RickBra03038,
iimanlapaz,
littrell_g,
ICKYZ0,
racebook3173,
DianeStuffer,
Kent07FLHX,
thebankharswife,
sami_jaye,
florriccio,
lenny6604,
djmacnab,
MossMo73587541,
Helen47,
BrianJWaz,
smidge9099,
_ROB_29,
Duffer1954,
powerglobalus,
BigBJesusfreak,
boruchhashem,
Anxie_TEA,
Anxie_TEA,
jomo32284,
mommags2579,
herpty_derpty,
retiredairforce,
theunbubba,
MyLarrysWorld,
MyLarrysWorld,
herpty_derpty,
Bushwqr,
SammyNavarro63,
DianaWr48476186,
DaleDiswaneck,
papertiguer,
jfwilb,
jfwilb,
rogo6301,
JonCuccia1,
TomDeSmithIV,
Letterlout,
jfwilb,
ElleHart2Hart,
hooliken,
Moefun,
Moefun,
Moefun,
Bushwqr,
MobutuJoffrey1,
RenoNVSparky,
Bro92448729June,
countryboyexec,
HDRayRay,
Joeydonofriosr,
pamihami,
sglyddon,
BigBJesusfreak,
RenoNVSparky,
DontTreadOnUS,
lindav92833,
kiowa581997,
KarinBr78483413,
aobabs2,
jeanineeg,
MarkNapolillo,
DelporableMe,
Joelseph28,
RobbieClau,
wrow51,
wrow51,
SKSSKanz,
BigBJesusfreak,
cancunbound2022,
cancunbound2022,
cancunbound2022,
cancunbound2022,
gentXray,
cancunbound2022,
gentXray,
americawins49,
NityDig,
MyShareWon,
Hoppy805,
_ROB_29,
mainwmn,
KathleenInserra,
sainato_billy,
ObamaNewClothes,
_ROB_29,
airforce2100,
F1fanincarolina,
_ROB_29,
LWAPolitics,
freemasonusa2,
MarkBadgett7,
elizabeth21905,
IndeCardio,
IndeCardio,
cessnaking,
cessnaking,
NCMAGAMOM,
KathyFazzini,
ArmyCaptain2,
CaraKeith22,
MaryC34718515,
GarnetBill,
DebHedani,
lindav92833,
SusanWh66843423,
TheGuy626,
TheGuy626,
XulMax,
mschadl,
Emaxx2044,
whodatdaddy,
cshackradio,
NCMAGAMOM,
NCMAGAMOM,
Tomsnyd24498882,
Tomsnyd24498882,
Tomsnyd24498882,
RenoNVSparky,
AngelicDeby,
turkeyhunter54,
Hoppy805,
LocalHero101,
LisaBo16,
EddyOrt15801504,
i581manny,
AngelicDeby,
AngelicDeby,
owningtheglobe,
rubylu18,
kiowa581997,
carolebfrank,
Tston77,
RickBra03038,
RickBra03038,
JamesHHobson,
texasollie,
pure_h2,
AngelicDeby,
alfrich_k,
_ROB_29,
swalters5,
cmorton71,
buddmann,
TatorBugGa,
TatorBugGa,
freerick22,
kcSnoWhite,
johnnydimple,
mensamule1,
Skypilot195,
therealDJDoing,
RobertJLooney1,
UnumDeum,
IAmKurtacus,
BrittRon,
DianaWr48476186,
RightGirl11,
jaypowen,
kramerreport,
i581manny,
RandyBluesman,
dmartymar,
therealDJDoing,
Bushwqr,
HaroldPastian,
ScottMeade16,
BurghMan,
Skypilot195,
HaroldPastian,
flytecommander,
RyanRaineri,
JeanneInTexas,
JeanneInTexas,
JeanneInTexas,
Hoppy805,
i581manny,
haroldb54,
SeanDeveney,
paulzpc,
quippingalong,
BabeReflex_8,
paphotog,
RyanRaineri,
mkb35652,
jaypowen,
Covfefe_Gold,
LarryJa94154624,
BrinleyEvans,
RobertJLooney1,
joeoz8703,
MagaCraft57beth,
NSGMD1,
NSGMD1,
Larimoredad,
dubbadubb,
BrostowitzPaul,
newpasttime,
BrostowitzPaul,
ShantiUniverse,
godblessusa01,
RobertJLooney1,
CheezyBorger,
Lou0701,
Lou0701,
kramerreport,
FightingChase,
FightingChase,
RandyBluesman,
paula3ashley1,
LADINNERCLUB,
grandmaj2,
bravo761811,
patty_mich,
patty_mich,
tjginnynm,
Teachers4USA,
rnsr4u,
SusanBakerDeeds,
BrianWilt1,
jianluca192,
jdt55,
alvinlindsay21,
GermanyTrum,
chrisncal,
NambozoRose,
SteelPen525,
_ROB_29,
_ROB_29,
JustaGuy1225,
RWR1776,
loyal2017j,
Peggyno37285762,
Peggyno37285762,
sarah_siskin,
dangalluzzo,
Richardsimons17,
timm8466,
SunnyTellsAll,
AnnetteKaiser3,
NomadSolos,
klandrade6,
WashTimesThreat,
christy_mcafee,
Vet_Lazarus64,
SteelPen525,
SteelPen525,
HaroldPastian,
KikinboRivas,
TracySwavely,
frankayylmao,
carolebfrank,
DMcKussic,
Merry__Can,
Bushwqr,
Linbi,
UnumDeum,
UnumDeum,
i581manny,
MaryAnn4Trump,
cleach2,
pearl_of_truth,
RomanJaworowic3,
smokemrainey,
carlajopettty,
primmy911,
SteelPen525,
NSGMD1,
redtruck601,
i581manny,
22norsedad,
HaroldPastian,
SteelPen525,
queenieking57,
DarioWiter1,
SteelPen525,
SteelPen525,
lindasphotoart,
ncrsfan,
mcaffer62,
ccclight62,
BrewtonDoug,
busylizzie48,
busylizzie48,
rsirrobbie,
azwatergeek,
stanley_shedd,
PaulCCExpo,
d2dmillionaire,
ChadSchimke,
reset_warrior,
duntagolfer,
