LyapunovS,
SethFromThe716,
Daleyinsanity,
sko12,
AprilFoolsRebel,
HassardChristy,
dcfairbank,
TheRealNadie,
strawbswinger,
strawbswinger,
roscluaran,
ajitnewyork,
strawbswinger,
lkbhndyou_ha,
rogins1963,
TrumpDotDotDot,
WeWuzTrees,
mirthNlaughter,
MeanE1969,
rondeaneArt,
CaitlinDianne1,
purerosemusic,
GavinTheBot,
ShinyJuliet,
ShadowWolf1134,
RobMoyerTO,
ShadowWolf1134,
KRileyTips,
NIK_VENTURE,
NeilMackett,
Daleyinsanity,
AJ_FranklinGirl,
ss116396,
TrumpDotDotDot,
tweetsbynumber3,
MaskOfTheSlave,
_Nocterminal_,
Danzig303,
NicThorington,
ThreeCatsOwnMe,
PlzStayandPlay,
charlie021887,
elioSono,
peacecompassion,
peacecompassion,
klem1544,
meredith_angel1,
DaveBeCrazy,
ZackyMwangi,
Ogre_Kev,
Nonvlinders,
MiriamLoewi,
Bella_Famke,
KnickerPresser,
randombabycakes,
LynnDearion,
Podoo_Paul,
lovinglife2481,
DougFrietchen,
MJMcElwee,
dreamersball39,
wishiwasatiger,
Shane_320,
IabuseCoffee,
MAXISMOM2,
jovan20151,
whe345,
MarkWroxham,
newslibreug,
SkyTrackTeam,
REALELIJAHMARKS,
MichaelHIrelan,
SideshowJon36,
TrumpDotDotDot,
TheNAMEisKUSH,
Punder_Woman,
ThaArchitect,
Piper_beagle,
ninobvrcv_bpc,
joyloverde,
Hester216P,
NightShiftNews,
KnickerPresser,
SK071,
Rajarajan941,
ebben27,
AEsraYashar,
SurefireMJ,
drglamperfu,
drglamperfu,
NonLiberalPAer,
paustin562,
DrBianca84,
BxMillyRock,
EricLBusby,
NewMediaFF,
JanChiLing2,
DominicAvento,
davrola,
KateSusabu,
KateSusabu,
KnickerPresser,
davrola,
quillxote,
dougiamm,
davrola,
Spertus,
KateSusabu,
asm666_asm,
Makeitstop99,
ShanondaStar,
KateSusabu,
MHanson62,
peacecompassion,
DadJokeMan,
EJPointer,
WebbH62,
cosmosbaby,
davrola,
cosmosbaby,
katquipped,
TomMalvaso,
ZunRa,
Co_Passenger,
WhitneyWickham,
LarryJoeRyan,
JanChiLing2,
kathieyes,
ognihcnuf,
TrumpDotDotDot,
CatchThatYogi,
Jayson510,
jtveg,
TheRealNadie,
TheRealNadie,
jackilippman,
darbyseano,
reagangalpal,
Specneedsmom4,
GordonRupe,
FromTulsa,
LeeMusicNet,
southernkittyc1,
TheRealNadie,
TheRealNadie,
Boxedwinelady,
theusagirl,
sutherlandje72,
johannalapp,
ShadowWolf1134,
TheOfficialMUTT,
DurangoOrganics,
aquininuk,
alpha__dev,
SelmaWrites,
ruddyaristocrat,
PEACHWEE98,
marktbuckwalte1,
Mrs_Lovely_A,
ArtsandClouds,
amyamericana,
Martey_Mcflyy,
FartingDuck,
_Belsmom,
TheRealNadie,
TheRealNadie,
TheRealNadie,
GermySporks,
Realpolitiki,
Bemyfriend67,
MrsReallyHappy,
The_Stonecreek,
47young1,
GayyDonaldTrump,
wolffremont,
walesofscotland,
gemmad4it,
emily_the_gray,
SteveGarufi,
emily_the_gray,
btechfan,
firchy002,
Daleyinsanity,
TinFoilWhig,
DoompaAlioompa,
AbsurdistAsylum,
The_RealWheel,
StinkyZombeaver,
itsstupid_iknow,
MissMyrtle2,
Kthhigley1,
milkmedianewyor,
flashflanagan1,
LizzieWithA_Z,
DeVon_FNMfan2K8,
AmiSenquiz,
dalehay,
AndYouShall,
hashtagnpisces,
dalehay,
IabuseCoffee,
Pulpiteer,
I_am_not_E,
GCANCELLO,
KevinMosca78,
thetickster73,
DaveBeCrazy,
Alxx94306652,
usmcprice1990,
Humanitarian66,
PhiloFiles,
PhiloFiles,
poptartpixie,
KnickerPresser,
Monett2343,
ShadowWolf1134,
MayflowerMoment,
Olin_Wish,
MaryCarey9,
Thyara92,
battleborndj,
gaydybunch,
WeDeeeeeee,
SteveSayings,
WeDeeeeeee,
wadagam_Store,
wadagam_Store,
firchy002,
ManualDeVie,
AndrewMwah,
SteveSayings,
gaydybunch,
ReenieDiva,
gaydybunch,
JS4kix808,
EvoChandaar,
Dork_Power,
DaveBeCrazy,
MahaRana777,
MikaelsenT,
musicbeautiful4,
madbarrister,
jwwfantasywrite,
lee_saunter,
TBarrett10,
ShadowWolf1134,
GeneralCattis,
WiselinePRT,
BuddySaanGuy,
stripperpins,
Daleyinsanity,
Lil_M03,
vindserwome,
ThisIsMaryJean,
firchy002,
sutherlandje72,
Vnorman007,
ZMWisePoet,
ComedianCorinne,
anthonywendel,
CrisisHuman,
Hulk009,
MoodyBrew,
JamesMorgan92,
Danzig303,
LesleyHandel,
KaceyKells,
Wildfang135,
JoeBlow87133489,
joan_myers,
HenryShires,
jwwfantasywrite,
BookNerd0486,
Json_Kristopher,
BohoMojo69,
ThomasG01095401,
BlueAJ41,
BohoMojo69,
TexasFatherWins,
miketymofie,
uptcowboy,
jessshirleylove,
Hollyn8188,
teepartyangel,
trendinaliaUS,
PoweredbyPoodle,
jessshirleylove,
kansasogre02,
Hollyn8188,
jessshirleylove,
Hollyn8188,
Dork_Power,
Hollyn8188,
Hollyn8188,
Hollyn8188,
I_am_not_E,
Praise4Kek,
TMurph207,
JacqCarolrange,
kingcookie34,
AttiaDS,
Lupinfan83,
uncriticalsimon,
ZunRa,
FamousRoger,
FamousRoger,
FamousRoger,
FrsMarcotte,
JimAustin45,
OffBeatSilly,
aphotomama,
TheBrofucius,
aphotomama,
germzz216,
TheBrofucius,
TheBrofucius,
CheezWhizGirl,
RRRainbow1232,
uncriticalsimon,
trendinaliaUS,
aphotomama,
TheBrofucius,
TheBrofucius,
RRRainbow1232,
amidacocinas,
jovan20151,
RobMoyerTO,
DeVon_FNMfan2K8,
ModulationWheel,
Daleyinsanity,
Loret117,
ClubMnF,
CirkusSoul88,
BennettVarsho,
nerdthugradio,
diamondslil,
joannamarie1971,
GJamesBerigan,
imagothafcukoff,
TinFoilWhig,
space_raccoon_,
PatriotJackiB,
MichaelHIrelan,
AndrewHiller,
nollaigkelly,
HoorayBacon,
BrettFishA,
mujed1,
CampdesArts,
b4leaving,
GJamesBerigan,
AlexButovsky,
Sweetiepiee,
Sweetiepiee,
GuylaineLau,
JS4kix808,
GuylaineLau,
Sweetiepiee,
Sweetiepiee,
GuylaineLau,
DarkShadowBats,
kyulyou,
DarkShadowBats,
GuylaineLau,
atexashoneybee,
chickenproduc,
Sweetiepiee,
ohplzlol,
GuylaineLau,
ohplzlol,
AmbroiseDebret,
MiniT46,
TheApurvaThapa,
SemeiMuCasa,
diamondsnjeans,
MrRayFed,
YathinkRilly,
DeadLoveLetters,
tr_wildebeest,
uncriticalsimon,
_JessicaViana_,
uncriticalsimon,
spoonmoonjune,
hgmackinnon,
ourequality,
SteveNeuman,
KeshaTedder,
bethlizcallie,
bethlizcallie,
bethlizcallie,
krzycarew,
floydskers,
1SafeDriver,
DitchweedEnt,
Daleyinsanity,
BodyBusinessKW,
SaraLynnNovak,
Hollyn8188,
AntifragileBR,
XpressYourself1,
LISAMW979,
iabdelhamid73,
sudeep_jadhav,
deebeetree,
I_am_not_E,
trendinaliaUS,
DoodleNessa,
Carson_Bayley,
grosby81,
lj12414,
mcdonnelljp,
NikkalKundhal,
JS4kix808,
poptartpixie,
Wildfang135,
tanyaminott,
PresssSec,
hovva_,
Jaimison10,
BlantonStrickl3,
tvmario,
cajunmonkey439,
YoMomma86969469,
plasmarob,
retail_recruit,
ROsantowski,
BigEnuff,
DeVon_FNMfan2K8,
haddHaram,
AndrewHiller,
2Shots_POD,
uncriticalsimon,
CaseyLouis31,
gongoozles,
sushiqk,
ellelljaytoo,
Whim1986,
Lesko1F,
theusagirl,
BodyBusinessKW,
Daleyinsanity,
PathwayINS,
ncbardeau,
ncbardeau,
HispaniaMagna,
GVCANews,
eyesonthepies19,
Needle_Man,
Plainjanestine,
GJamesBerigan,
Colodemvoter,
CrushingDonuts,
TinFoilWhig,
johannalapp,
TowconWoodside,
JoeyBotzo,
DedGudTweets,
LISAMW979,
_ClassicJeff,
MMP_Waterloo,
LVGambler123,
GreenEyedTwin,
sexysportsfan,
ScratchycClark,
ScratchycClark,
ROADMANBOT,
ChanteleNo5,
ChanteleNo5,
GreenEyedTwin,
jhonyisq,
jhonyisq,
WesinHF,
respectfullivin,
JUNEKIMBARBIE,
herbm55_herb,
LISAMW979,
ElleMCollett,
TinFoilWhig,
firchy002,
krynauwx,
lindamama02,
Kate__Nord,
SishirChetri,
Kate__Nord,
Wildfang135,
SishirChetri,
MarshallSbar,
lindamama02,
outercircles,
Kate__Nord,
RemiVz,
MarshallSbar,
The1RealHalifax,
CHFondras,
WhatSheSaid_91,
The1RealHalifax,
MrBentleysowner,
AndrewHiller,
The1RealHalifax,
MarieDoucette,
MarieDoucette,
aidno,
Bella_Famke,
aidno,
hearted_woman,
ENicolson1,
Beberocks21,
Logic_Hammer,
visionnairasoc,
lostinmusic1975,
Daleyinsanity,
tattoolady1969,
HRBoostLLC,
danielt10439873,
sundaycafee,
TheBrofucius,
TheBrofucius,
subcontractor85,
TweetsByAwsum,
TheBrofucius,
BigEnuff,
theusagirl,
MichaelHIrelan,
dakequipment,
HealthierIT,
hedgeofhedgies,
mrjafri,
AndrewHiller,
Jayson510,
bonyscribe,
Fortepiecat,
SlightlyUnusual,
Fleurdelisazure,
pickupjaxi,
trendinaliaUS,
MacDoug1,
LISAMW979,
ZunRa,
kilogoddy,
firchy002,
SanchezBrutus,
MacDoug1,
Danzig303,
strawbswinger,
davrola,
monkey12_evil,
Danzig303,
monkey12_evil,
monkey12_evil,
strawbswinger,
HuckstepRichard,
Danzig303,
the79show,
Mllesuzanne10,
Mr3KnocksBaby,
Apodcalypse,
Apodcalypse,
uncriticalsimon,
MST3K_4_Life,
Morrigan_83,
uncriticalsimon,
jbro_1776,
davrola,
jbro_1776,
RedVinoPlease,
davrola,
kellielovesbook,
Zookeeper1271,
ZunRa,
murfdom,
Bemyfriend67,
OpaceWeb,
Monarchsway,
LISAMW979,
ScottRen14,
Themightydodgy_,
JimGilhooly1957,
jcball,
sumnerv53,
strawbswinger,
strawbswinger,
AndrewHiller,
AndrewHiller,
Ste_Tonks,
Thebrawler4,
rlw6972_richie,
AmyHarber,
ednomx,
Solomon90433987,
s_avannah000,
BubbaWanKenobe,
iamcanuck,
Alisonnj,
CFudalik,
imptntallergies,
imptntallergies,
alisadalestrick,
DougFrietchen,
DougFrietchen,
SideshowJon36,
SideshowJon36,
uncriticalsimon,
mark_aurand,
WhoLeo2016,
mark_aurand,
GJamesBerigan,
LISAMW979,
chrisfloyd033,
MBrown_280,
MysteriousThree,
KLightenUp,
T_Macnelly,
KLightenUp,
VariousArtsM,
tousifAhmedSyed,
John_B_Sullivan,
ignatius_julius,
fitzdog1167,
monicalr75,
_trollieddolly,
manndilee,
TeleEng1,
TeleMarine,
TeleAreo,
amritatezla,
155thMed,
Jayson510,
DaphneHRWC,
trendinaliaUS,
bethlizcallie,
mbfallon,
CoryBlog,
TheBlakkSamurai,
XanaduDead,
visionnairasoc,
vimana360,
jamescorrao,
TheBlakkSamurai,
BoosterAcademy,
TheBlakkSamurai,
monkey12_evil,
Margie1820,
DeadLoveLetters,
StavrosZito,
GB3202,
GB3202,
CasanovasTool,
Speechlady6300,
visionnairasoc,
TheRootOf_je,
katkelevra,
obelisklp,
obelisklp,
tpet57,
RealBrianCutter,
KathleenHarrym1,
DonnaDonlew03,
larrywilbur71,
EmmaleaT,
JKickinit30,
LISAMW979,
LISAMW979,
IndiciaObscure,
MiniT46,
lynnallan47,
LISAMW979,
MiniT46,
riz_05,
trendinaliaUS,
LISAMW979,
wishiwasatiger,
TheeMikeLang,
lennyscards,
AJ_FranklinGirl,
SalluSaab,
SoarMich,
LISAMW979,
adsiege,
ma_HairStudio,
EweMoveYork,
thoughtfloss,
thoughtfloss,
TeamTagging,
ThedoowopMoss,
SarcasmTutor,
FullThrottle_On,
cloningaround,
spreadnonsense,
ShadowWolf1134,
annarchynyc,
WriteTonight,
pingrava,
intergence,
CagedTigersRMad,
myLife_40NoneK,
rwmcmasters,
michonne_mcevil,
BlackCatsPoppy,
Nwz_xXx,
Wildfang135,
Wildfang135,
DoubleACM,
Wildfang135,
LYALLAngus,
LilMsgss,
Danzig303,
rohitguptaftw,
Danzig303,
rohitguptaftw,
Danzig303,
Humanitarian66,
VeronicaBealieu,
YathinkRilly,
AndrewHiller,
jwwfantasywrite,
Cash_Chosen1,
Writeongoddess,
Herbs4Males,
pixiebaby1972,
flex_school,
ednomx,
theusagirl,
leewest9,
leewest9,
IBKMS,
305Pirate,
trendinaliaUS,
AmyMesseroll,
K1dGamble,
PatrickGerard01,
hockey_mac,
hockey_mac,
davrola,
davrola,
mattrohrbacher,
CassTeaElle,
StinkyandEddie,
BigEnuff,
AvocetKaryn,
hasslerchris551,
raumplanungtv,
hasslerchris551,
raumplanungtv,
hasslerchris551,
raumplanungtv,
hasslerchris551,
raumplanungtv,
pepetorremar,
4eyesJohnny,
HippieLadyIdeas,
I_am_not_E,
sanmorell,
darren_huxter,
sanmorell,
siwaler,
Wildfang135,
AndrewHiller,
AndrewHiller,
darren_huxter,
YaBoyColeJones,
I_am_not_E,
JesicaRiverra,
LionelCruzille,
Q8D3,
amidacocinas,
CloneTrooper999,
theusagirl,
TheGroupMusic,
SmargJones,
MJMcElwee,
rustyshacke,
Nessa_Star4,
fitzdog1167,
arketex,
techtowndetroit,
GreggMasters,
searchswarm,
RajPoonawala,
Miss_V_IRM,
VickiAnnBush,
loves_mosaic,
SebastianTomCat,
DemoFan24,
yeswithak,
SeenFool,
HelenClifton8,
TheMinks,
SongWriterActor,
AlcoholMemoirs,
lkbhndyou_ha,
xMillBobsx,
hassony77,
johannalapp,
KyraSpears,
NotTHATHoward1,
JohnFPLane,
NotTHATHoward1,
AndrewHiller,
TheMinks,
davrola,
hassony77,
Daddymakk,
MandyBurgess246,
IdentityspyMike,
theori,
LISAMW979,
Conquer353,
kirby4office,
ZunRa,
TheScottfather,
KateSusabu,
davrola,
KateSusabu,
Northquahog48,
KateSusabu,
davrola,
LISAMW979,
GByebyetrump,
GByebyetrump,
jm_meunier,
suekhi,
I_am_not_E,
Solely_Toya,
fedbizop,
diamondsnjeans,
fedbizop,
mattrohrbacher,
WanderingWind71,
LilPixiesShop,
