SundayBoxer,
SundayBoxer,
KajonCermak,
KajonCermak,
SundayBoxer,
SundayBoxer,
mobile2markdunn,
citizen027,
RealBiddle,
swargcoming,
scorrice,
RealBiddle,
MalibuMom62,
RealBiddle,
bigmaktech,
SoCalLiberty,
raul5oh,
RealBiddle,
mobile2markdunn,
RealBiddle,
RealBiddle,
RealBiddle,
moekamerow,
MycheWorth,
HUNED_P,
ps92264,
AliaNAlly,
moekamerow,
swargcoming,
MycheWorth,
SoCalLiberty,
chillkitty,
chillkitty,
jamespowell363,
Just_Julian1,
Corona47Gary,
HSFBamerica,
RealBiddle,
RealBiddle,
RealBiddle,
RealBiddle,
RealBiddle,
RealBiddle,
swargcoming,
swargcoming,
ScottOlling,
RealBiddle,
RealBiddle,
RealBiddle,
moekamerow,
thesecreteats,
MORNAFAN93,
RealBiddle,
planetmuzicktv,
RealBiddle,
BaleiaWines,
Nick_Zen,
dorakichi0123,
nancyneff2,
rachelhlewin,
RealBiddle,
RealBiddle,
swargcoming,
nancyneff2,
fierritousa,
KajonCermak,
SundayBoxer,
RealBiddle,
lawprofblawg,
Notfakejimmy1,
motelonfire,
RealBiddle,
SoCalLiberty,
MORNAFAN93,
lglmoss,
mizhinman,
RealBiddle,
crazybrit69,
RealBiddle,
RealBiddle,
RealBiddle,
Moirraines,
RealBiddle,
RealBiddle,
Notfakejimmy1,
RealBiddle,
RealBiddle,
HelveticLA,
RealBiddle,
RealBiddle,
RealBiddle,
fredfromla,
swargcoming,
RealBiddle,
RealBiddle,
RealBiddle,
DrDrobReport,
RealBiddle,
LOTTOWIZARD7,
Dotlamb216,
swargcoming,
RealBiddle,
MMMukalla,
HuntingBigfoot,
RealBiddle,
RealBiddle,
RealBiddle,
RealBiddle,
SurfingTopNews,
iaretweeting,
scorrice,
RealBiddle,
RealBiddle,
Alsullivan12,
RealBiddle,
charluv2011,
Immigration_Top,
smcabr,
maggotstrain,
moekamerow,
moekamerow,
moekamerow,
moekamerow,
RealBiddle,
oopoopbdo,
RealBiddle,
RealBiddle,
EnigmaNetxx,
Alsullivan12,
HowardGriffiths,
micortazonzz1,
Alsullivan12,
salpie,
moekamerow,
moekamerow,
moekamerow,
sreuling,
JNotrump,
joegates61,
GallivanJo,
jimmyalto,
clintsessentia1,
nicksmithnews,
RealBiddle,
RealBiddle,
HelveticLA,
velvetnikitaB,
RealBiddle,
TheMagusX,
RealBiddle,
Notfakejimmy1,
moekamerow,
RealBiddle,
RealBiddle,
RealBiddle,
emerson7_m,
swargcoming,
MalibuMom62,
RealBiddle,
RealBiddle,
RealBiddle,
RealBiddle,
RealBiddle,
RealBiddle,
dannyreallife,
KelliJoJoJo,
ScottOlling,
ArcticFox_am_I,
lkshw06,
LAbryanM,
RealBiddle,
RealBiddle,
hfdrhcdggf,
swargcoming,
Lorrain94741983,
RealBiddle,
Lorrain94741983,
Lorrain94741983,
shamrockflag,
RealBiddle,
RealBiddle,
RealBiddle,
psybrspcsuprstr,
RealBiddle,
RealBiddle,
swargcoming,
swargcoming,
RealBiddle,
carhire4lower,
swargcoming,
MalibuMom62,
TrueBlueStory83,
jopheir,
psybrspcsuprstr,
KCnLA,
GunnarMarcus,
swargcoming,
MalibuMom62,
RealBiddle,
Notfakejimmy1,
moekamerow,
SuezWillson,
salpie,
matthewweed2016,
RealBiddle,
psybrspcsuprstr,
Notfakejimmy1,
RealBiddle,
RealBiddle,
RealBiddle,
everhartchad,
everhartchad,
everhartchad,
everhartchad,
ArcticFox_am_I,
RealBiddle,
AllbrightPaint,
motelonfire,
RealBiddle,
ANDREWGOLDMUSIC,
BrendaLalonde7,
RealBiddle,
RealBiddle,
RealBiddle,
EMS_Information,
MalibuMom62,
RealBiddle,
everhartchad,
RealBiddle,
Chuck_Warn,
Sarahkate_k,
cshepherds,
SpiritintheRoom,
AliaNAlly,
Vafiori,
JulesFww,
Hcstue,
moekamerow,
moekamerow,
moekamerow,
swargcoming,
RealBiddle,
RealBiddle,
RealBiddle,
RealBiddle,
RealBiddle,
scorrice,
YurikoTanabe,
maggotstrain,
jopheir,
jopheir,
moekamerow,
SinCityFinancr,
SinCityFinancr,
JMDeMatteis,
RealBiddle,
RealBiddle,
RealBiddle,
TexasDamnit,
OUT_THE_TRUNK,
MMMukalla,
LIVE_COVERAGE,
RaiseURH,
LIVE_COVERAGE,
LIVE_COVERAGE,
TO31771,
everhartchad,
RealBiddle,
RealBiddle,
RealBiddle,
PceldersCarmen,
RealBiddle,
RealBiddle,
RealBiddle,
micortazonzz1,
geotruckr,
notagrayarea,
geotruckr,
RealBiddle,
psybrspcsuprstr,
RealBiddle,
RealBiddle,
RealBiddle,
swargcoming,
RealBiddle,
lkshw06,
RealBiddle,
RealBiddle,
RealBiddle,
RealBiddle,
RealBiddle,
RealBiddle,
RealBiddle,
RealBiddle,
RealBiddle,
RealBiddle,
RealBiddle,
EMS_Information,
janogram,
RealBiddle,
RealBiddle,
RealBiddle,
RealBiddle,
RealBiddle,
RealBiddle,
RealBiddle,
RealBiddle,
RealBiddle,
RealBiddle,
DanG23459,
morticiaschild,
L1LBANG,
HollywoodDebi,
AnubisArgentino,
everhartchad,
everhartchad,
Notfakejimmy1,
dorakichi0123,
swargcoming,
ArcticFox_am_I,
swargcoming,
oopoopbdo,
planetmuzicktv,
MORNAFAN93,
ShellieRaygoza,
notredamegrad04,
JuanDeMarco4,
mmbbkk,
MalibuMom62,
SANDROAAMIRANDA,
SpiritintheRoom,
Hans_Karl,
MMMukalla,
ClarkTanna,
SportsfreakLA,
SportsfreakLA,
TheMooseDog,
gordonpreece,
jdmedmole,
MattRPRT,
MattRPRT,
MalibuMom62,
NaomiLWood,
swargcoming,
bigmaktech,
De_Facto9,
Chuck_Warn,
clintsessentia1,
AllCityBail,
alexcooper81,
CJCboi,
jrhunt,
swargcoming,
RealBiddle,
RealBiddle,
RealBiddle,
RealBiddle,
RealBiddle,
RealBiddle,
RealBiddle,
lizziedonny,
Novelremodeling,
3efc69de402c470,
queent631,
BluMyst,
hfce354,
moekamerow,
Pz4rmDaOwedScoo,
StolenSweeties,
_tiyyyy,
RealBiddle,
RealBiddle,
RealBiddle,
RealBiddle,
RealBiddle,
RealBiddle,
RealBiddle,
dorakichi0123,
eyetraveler,
AliaNAlly,
OUT_THE_TRUNK,
Mary_M_Marshall,
lizziedonny,
MMMukalla,
moekamerow,
moekamerow,
Jensen32654,
moekamerow,
moekamerow,
moekamerow,
moekamerow,
moekamerow,
moekamerow,
moekamerow,
moekamerow,
moekamerow,
moekamerow,
BaileyPittipat,
HDUFFYB,
shlingdong,
BrianMScott,
ToxicLullaby28,
Lanora_5,
carhire4lower,
cshepherds,
kathy_du_bois,
boogiefinger,
sk8rdad2000,
gomez00023,
RealBiddle,
psybrspcsuprstr,
TheatreofZen,
RealBiddle,
lizziedonny,
spurharry,
swargcoming,
carhire4lower,
JennettaYounge,
De_Facto9,
De_Facto9,
De_Facto9,
MalibuMom62,
bean9986,
ProudRINO,
LeeElle1,
RealBiddle,
RealBiddle,
BarbaraSteen3,
lizziedonny,
msolis1982,
Chuck_Warn,
RealBiddle,
Moirraines,
MalibuMom62,
Marcelo22DRC,
Reenie_Hutton,
Serena_Spencer,
psybrspcsuprstr,
splashroy,
ciaositos,
bigmaktech,
RealBiddle,
BaileyPittipat,
eden4peace,
AaronHoweBooks,
madmencrew,
clintsessentia1,
MalibuMom62,
RealBiddle,
MMMukalla,
thereallcherico,
noFlyzone_1,
Bead109,
moekamerow,
swargcoming,
DebiMossScheler,
texasfrederick,
moekamerow,
DebiMossScheler,
swargcoming,
Problonde7,
TheSpiderAccomp,
RealBiddle,
RealBiddle,
RealBiddle,
RealBiddle,
RealBiddle,
RealBiddle,
nikroybal,
Montana0323,
CoeD1972,
donaldbot123,
norriski4nge,
norriski4nge,
RealBiddle,
CairoliOscar,
CairoliOscar,
antstaffspeaks,
RealBiddle,
KCnLA,
swargcoming,
swargcoming,
swargcoming,
FrankMendez1969,
SoCalLiberty,
moekamerow,
wholuvs2,
MMMukalla,
MMMukalla,
swargcoming,
nenigc,
goincannabis,
SDebidour,
Problonde7,
CowboysFan714,
CountSaknussemm,
AnubisArgentino,
ClarkTanna,
jpmzo,
JeffsBourbon,
RealBiddle,
psybrspcsuprstr,
psybrspcsuprstr,
RealBiddle,
MarDoonMan,
Chuck_Warn,
RealBiddle,
RealBiddle,
lizziedonny,
RealBiddle,
TheatreofZen,
Nick_Zen,
RealBiddle,
RealBiddle,
HuntingBigfoot,
carhire4lower,
SacramentoTpNws,
donaldbot123,
oozish,
AllCityBail,
RealBiddle,
RealBiddle,
RealBiddle,
Alsullivan12,
RealBiddle,
bigmaktech,
psybrspcsuprstr,
EnigmaNetxx,
Thedude67111,
ArcticFox_am_I,
curettage1865,
NewsWriter2,
democratandmom,
geminigod,
MomCoMalia,
geminigod,
swargcoming,
sweetromance,
ScottOlling,
SoCalLiberty,
clintsessentia1,
vap1337,
swargcoming,
christine_cary,
LOTTOWIZARD7,
LOTTOWIZARD7,
swargcoming,
jhale667,
SoCalLiberty,
Jensen32654,
NinjaPosition_,
carhire4lower,
MMMukalla,
MMMukalla,
scorrice,
fred_burton,
mmbbkk,
Silky109,
Silky109,
RealBiddle,
adjack3467,
AnnettePettigr2,
nogendertoabuse,
solarblaster1,
kimberly010960,
moekamerow,
moekamerow,
destroyfelix,
swargcoming,
Bonnielynnmarie,
Bonnielynnmarie,
Ms_Dianeee,
Alsullivan12,
CortesN000,
CortesN000,
akaXochi,
RealBiddle,
moekamerow,
micortazonzz1,
EnigmaNetxx,
BirgitNakielski,
buttercupsart,
psybrspcsuprstr,
alene721,
psybrspcsuprstr,
LABlossom7,
WelshGriffiths,
lizie222,
netposse,
RealBiddle,
RealBiddle,
RealBiddle,
RealBiddle,
RealBiddle,
RealBiddle,
RealBiddle,
theunkster,
Alta_Buddha,
MMMukalla,
moekamerow,
mayzo51184,
MalibuMom62,
WelshGriffiths,
LOLatLiberalism,
TaylorVarney1,
_kaaybaae,
TaylorVarney1,
rcfwilmette,
donaldbot123,
KCnLA,
EMS_Information,
EMS_Information,
moekamerow,
vbislands,
LOTTOWIZARD7,
jsparango,
MattRPRT,
moekamerow,
Alsullivan12,
Alsullivan12,
vbislands,
Farah__Nofal,
CableXJ,
SinCityFinancr,
SinCityFinancr,
RealBiddle,
RealBiddle,
Alsullivan12,
Alsullivan12,
Shibumi_Master,
Alsullivan12,
psybrspcsuprstr,
moekamerow,
eyetraveler,
bigmaktech,
micortazonzz1,
Chuck_Warn,
MarieFran10,
RealBiddle,
RealBiddle,
RealBiddle,
RealBiddle,
citizen027,
moekamerow,
moekamerow,
moekamerow,
moekamerow,
moekamerow,
moekamerow,
BashMutumba,
hoopism,
JoeyHenry2,
ladyachieve,
psybrspcsuprstr,
jamesjburkeIII,
siftyboones,
EnigmaNetxx,
swargcoming,
MattRPRT,
siouxxsie17,
moekamerow,
swargcoming,
mdcolliM,
Alsullivan12,
Flowergarden13,
psybrspcsuprstr,
EMS_Information,
EMS_Information,
swargcoming,
bigrick202,
gomez00023,
MischievousLiz,
Chuck_Warn,
HatingBofA,
MMMukalla,
daleconnor,
MMMukalla,
shamrockflag,
HuntingBigfoot,
swargcoming,
AHempster,
AHempster,
daveconte1971,
AHempster,
LIVE_COVERAGE,
AHempster,
daveconte1971,
AHempster,
AHempster,
daveconte1971,
AHempster,
daveconte1971,
AHempster,
Chuck_Warn,
BirgitNakielski,
gomez00023,
hoopism,
nottellinguzip,
christine_cary,
CatPelonero,
HuntingBigfoot,
swargcoming,
moekamerow,
MMMukalla,
doubleagent1964,
doubleagent1964,
doubleagent1964,
Joey_Mitchell63,
MMMukalla,
bartnbeka,
DelimaAntonio,
xhertx,
MattRPRT,
swargcoming,
CableXJ,
moekamerow,
MMMukalla,
dayumyou,
LOTTOWIZARD7,
_orchid_blue,
SurfingTopNews,
TomiMaiers,
BombshellNana,
Alsullivan12,
Alsullivan12,
WelshGriffiths,
TheDailyInc,
AtStampede,
GunnarMarcus,
ClarkTanna,
rangerfit,
Gloxina19,
bigmaktech,
swargcoming,
ruisaldanha,
MalibuMom62,
moekamerow,
clintsessentia1,
danaforbernie,
JBBanzai,
CoeD1972,
bigmaktech,
lizziedonny,
GrahameLucas,
EvJviv,
Alsullivan12,
christine_cary,
ProConsumerSafe,
psybrspcsuprstr,
swargcoming,
SDebidour,
moekamerow,
moekamerow,
NinjaPosition_,
ClarkTanna,
Alsullivan12,
swargcoming,
swargcoming,
swargcoming,
Youre2Deluded,
swargcoming,
Alsullivan12,
Shibumi_Master,
HuntingBigfoot,
MalibuMom62,
bigmaktech,
danaforbernie,
EltonGuardia,
psybrspcsuprstr,
GhostRiderRadio,
WelshGriffiths,
cshepherds,
runningjl,
MMMukalla,
TheMarkRoman,
grismetalizado,
NeilCurrier,
Alsullivan12,
Scooticus513,
kuhnu2012,
kuhnu2012,
kuhnu2012,
kuhnu2012,
kuhnu2012,
swargcoming,
Gloxina19,
bigmaktech,
emerson7_m,
HuntingBigfoot,
MapucheNative,
MMMukalla,
MMMukalla,
NH_Wayne,
swargcoming,
motelonfire,
Black999sunday,
MMMukalla,
psybrspcsuprstr,
moekamerow,
moekamerow,
bigmaktech,
psybrspcsuprstr,
reneenilseb,
swargcoming,
RMRealtor,
cowineco,
halimlounnas2,
Nick_Zen,
AliaNAlly,
swargcoming,
sophagazelle,
MattRPRT,
JimmyTusheets,
MMMukalla,
BernhardtTeresa,
swargcoming,
RealAngieR,
garnet495,
klkingman1,
TracyRichards00,
mlow29,
MMMukalla,
moekamerow,
newestendeavor,
swargcoming,
OakCreekWx,
OakCreekWx,
nancyneff2,
swargcoming,
swargcoming,
swargcoming,
swargcoming,
Alsullivan12,
psybrspcsuprstr,
libertythePD,
swargcoming,
moekamerow,
christine_cary,
CameronPaton,
onekarma,
Chuck_Warn,
ArcticFox_am_I,
Chuck_Warn,
BPaeste,
RealBiddle,
RealBiddle,
RealBiddle,
RealBiddle,
adate16,
BonBee81,
moekamerow,
moekamerow,
moekamerow,
moekamerow,
moekamerow,
moekamerow,
moekamerow,
moekamerow,
LOTTOWIZARD7,
Limeylizzie,
Davidlaz,
HuntingBigfoot,
ps92264,
neko6,
Thought_Criminl,
lakeroscar,
GoldenbergD,
swargcoming,
Gloxina19,
MMMukalla,
EdwardsAir,
Shibumi_Master,
swargcoming,
Black999sunday,
MMMukalla,
AdvancingRetail,
JackSkelley,
Alsullivan12,
Chuck_Warn,
moekamerow,
Alsullivan12,
AdreanaInLB,
NotNormalIndstr,
NotNormalIndstr,
tahititom,
bigmaktech,
Mother_Oya,
dwalker12v,
corvetteflex,
Delia_Ramsey,
prosperous05,
swargcoming,
wjkno1,
wjkno1,
norriski4nge,
CrazyWhiteBoys,
Adee_9,
scorrice,
libertythePD,
msbhavens1,
ps92264,
CheekyvilleUSA,
NPete2,
zippo1155,
cshepherds,
camper_bruce,
psybrspcsuprstr,
Pelcarl,
Pelcarl,
prometx,
SUGARTHEGIRL,
prometx,
HuntingBigfoot,
MMMukalla,
lasleuth,
oldschoolhugh,
Dylanesque2604,
bend_time,
MsBANKS8675309,
swargcoming,
keith_millhouse,
jhale667,
raul5oh,
Alsullivan12,
DelimaAntonio,
ejcholee,
MattRPRT,
cshepherds,
MarDoonMan,
Eyezz_Onlyy,
renedelapuente,
sballister,
smokedubreggae,
shaunnnewton,
swargcoming,
swargcoming,
pattmlatimes,
OpusVI1,
libbster219,
CoachJohn20,
MalibuMom62,
moekamerow,
MalibuMom62,
HuntingBigfoot,
DeeDub67,
FTPKilla,
DeeDub67,
FTPKilla,
DeeDub67,
FTPKilla,
chenoite,
moekamerow,
moekamerow,
BillFromIraq,
CrazyWhiteBoys,
ifetish,
Deplora79928582,
_amza_,
CrazyWhiteBoys,
bizzylady2,
danaforbernie,
TheDailyInc,
moekamerow,
kgforgovernor0,
moekamerow,
moekamerow,
moekamerow,
swargcoming,
Nick_Zen,
swargcoming,
swargcoming,
Vinceygirl_lav,
ellieprice1993,
madmencrew,
Gracie_Flowers,
swargcoming,
swargcoming,
moekamerow,
moekamerow,
moekamerow,
moekamerow,
TracySwavely,
moekamerow,
moekamerow,
moekamerow,
moekamerow,
gomez00023,
oopoopbdo,
moekamerow,
ClarkTanna,
viking053,
Gloxina19,
TheDailyInc,
LOTTOWIZARD7,
swargcoming,
FrankHBG1,
EvJviv,
swargcoming,
bigrick202,
tplskylrk,
ShoelessLinda,
Nomoregrayhair,
danieloseguera1,
moekamerow,
VIRGILKAY5,
micortazonzz1,
Chuck_Warn,
Chuck_Warn,
CrazyWhiteBoys,
BSeeprs85,
SoCalLiberty,
RealAngieR,
Chancedefiant,
Limeylizzie,
Chancedefiant,
ps92264,
hoosercharles58,
Chuck_Warn,
swargcoming,
josephharris67,
CrazyWhiteBoys,
MORNAFAN93,
JCAntelope,
etina42,
Andruskas,
AnubisArgentino,
charles4691,
vbislands,
VIRGILKAY5,
tdzwilewski,
bigmaktech,
CrazyWhiteBoys,
bizzylady2,
theSeattleHomer,
hoopism,
moekamerow,
RealAngieR,
psybrspcsuprstr,
moekamerow,
moekamerow,
moekamerow,
moekamerow,
fredfromla,
SDebidour,
CaGirlsLife,
SoCalLiberty,
ClarkTanna,
bigmaktech,
SteelToeTruth,
swargcoming,
DelimaAntonio,
swargcoming,
SoCalLiberty,
swargcoming,
SustainOurEarth,
Alsullivan12,
MMMukalla,
eapoeramos,
bigmaktech,
bigmaktech,
lanruss98,
MMMukalla,
ps92264,
_martays,
NatereF,
SoCalLiberty,
EMS_Information,
Chuck_Warn,
swargcoming,
CrazyWhiteBoys,
stayyoungaft50,
MMMukalla,
ClarkTanna,
Education_Tp,
Chuck_Warn,
quad9art,
lkshw06,
BluMyst,
CrazyWhiteBoys,
TracyRichards00,
Chuck_Warn,
SDebidour,
DrLisaHayden1,
jm2117,
boone_shirley,
charles4691,
swargcoming,
mamirocs,
DiamarisMartino,
Autoloansforeve,
MalibuMom62,
Cedillo4Real,
FrasierSein,
wtb6chiny,
workingtrucker,
MMMukalla,
MMMukalla,
sara68L,
Alsullivan12,
CrazyWhiteBoys,
Chrisnanita,
KCnLA,
gomez00023,
MalibuMom62,
RaiseURH,
goincannabis,
tdoyle030260,
LOTTOWIZARD7,
MannySanchez11,
camper_bruce,
ps92264,
lkshw06,
bigmaktech,
ps92264,
ps92264,
randymartin7347,
bigmaktech,
MegynKellyNws,
MMMukalla,
MethedActor,
pattmlatimes,
coesign,
Hans_Karl,
raul5oh,
smithbillkim123,
pbarr818,
SoCalLiberty,
everhartchad,
charles4691,
MMMukalla,
SoCalLiberty,
pattmlatimes,
MMMukalla,
MMMukalla,
CissyScum,
CrazyWhiteBoys,
charles4691,
coope2014,
AllCityBail,
grsoprano,
golffnatic,
ShoelessLinda,
bizzylady2,
moekamerow,
moekamerow,
moekamerow,
moekamerow,
moekamerow,
moekamerow,
moekamerow,
Chuck_Warn,
moekamerow,
moekamerow,
moekamerow,
catsrgreen,
swargcoming,
swargcoming,
swargcoming,
Simeagh,
ps92264,
Nick_Zen,
MMMukalla,
allisonwalton,
ArcticFox_am_I,
ChickapooJunior,
FreedomRing_,
izmtradelines,
gomez00023,
moekamerow,
moekamerow,
Rosacar8915,
Gloxina19,
ElanaKArnold,
mrosas1010,
Natalieeekbye,
moekamerow,
moekamerow,
ClarkTanna,
swargcoming,
GingerRedd88,
GingerRedd88,
Chuck_Warn,
Chuck_Warn,
JuneEventsNYC,
querybuilder,
vacantgrl,
jskielb3,
quencie,
jourNalist_jOy,
psybrspcsuprstr,
macasu,
catsrgreen,
Chuck_Warn,
Chuck_Warn,
Blendataylor,
LOTTOWIZARD7,
antonialee1978,
hoopism,
PatriotPamela,
ps92264,
lynnperry70,
LOTTOWIZARD7,
gomez00023,
PGutierrez630,
RonaldDomont,
a219224,
karlarodruiz,
psybrspcsuprstr,
moekamerow,
moekamerow,
moekamerow,
spsalyer,
Bubbles_75_75,
Believe35749345,
L1LBANG,
chaney1992,
PosMotivatNLife,
POWER1028LA,
tnypoetry,
desertgardens,
SoCalLiberty,
CrazyWhiteBoys,
Venice311,
RiendeBerre,
Gurrufiodigital,
OUT_THE_TRUNK,
SamLitzinger,
pall_com,
CalendarioCoder,
DisabledVetsCPX,
DebiMossScheler,
janesinsane,
4carleaCottin,
4carleaCottin,
MUZZINOUS,
DTPJustin,
NoLeftTurn1,
DKM33,
rjl1973,
OakCreekWx,
MattRPRT,
RealBiddle,
SDTwitGuy,
norriski4nge,
DispatchDemon,
SundayBoxer,
MethedActor,
moekamerow,
TheatreofZen,
MethedActor,
lkshw06,
moekamerow,
moekamerow,
moekamerow,
moekamerow,
moekamerow,
moekamerow,
moekamerow,
moekamerow,
moekamerow,
SoCalLiberty,
moekamerow,
moekamerow,
moekamerow,
CrazyWhiteBoys,
JusticeServed08,
mlow29,
cshepherds,
Mupparooni,
jackhammer3853,
AllCityBail,
dnageneration,
MattRPRT,
charles4691,
bend_time,
corvetteflex,
christine_cary,
boone_shirley,
CARMARTINGOLI,
FromCalif,
Thesueshi,
democratandmom,
CreeEdge,
CrazyWhiteBoys,
norriski4nge,
soapoperanurse3,
swargcoming,
GrahameLucas,
shadeedkelly,
pitbullmomof4,
Chuck_Warn,
Chuck_Warn,
Chuck_Warn,
Chuck_Warn,
Chuck_Warn,
sunsoutgunso,
S764xx,
DKM33,
KateySagal,
FoundationAngel,
margo_bateman69,
renaissancemako,
GunnarMarcus,
BeckyJohnson222,
moekamerow,
moekamerow,
bigrick202,
macasu,
psybrspcsuprstr,
charles4691,
macasu,
DispatchDemon,
swargcoming,
RealAngieR,
moekamerow,
SoCalLiberty,
samkillsdaily,
noonefollowsme,
noonefollowsme,
scadaman,
noonefollowsme,
renaissancemako,
renaissancemako,
cykelly1718,
FrankMendez1969,
planetmuzicktv,
CrazyWhiteBoys,
randcool,
politicalmat,
eapoeramos,
geosipp,
LTSKIE,
clintsessentia1,
lizsmi77,
AxumGear,
everhartchad,
Pi_Double_i,
Pi_Double_i,
Eyezz_Onlyy,
stef4freedom,
chenoite,
cshepherds,
Delia_Ramsey,
ArcticFox_am_I,
ps92264,
jmoad35,
MerryDian211,
emilybsci1,
bigrick202,
bigrick202,
SoCalLiberty,
HelenAn29146628,
JenFrYrEyesOnly,
psybrspcsuprstr,
RealAngieR,
2eca38f4f3674cb,
pmsacorp,
WIMSJ,
Nika760Thomas,
ScottOlling,
charles4691,
MikeHillfl,
moekamerow,
moekamerow,
nofixedabode,
LOTTOWIZARD7,
jitterbug01,
sooquler,
BalancedDogs,
GrayskyX,
CrazyWhiteBoys,
WestHillsNC,
themightydrake,
CrazyWhiteBoys,
SacramentoTpNws,
LOTTOWIZARD7,
mlow29,
JessicaCameron_,
bigrick202,
MsD_408,
DispatchDemon,
ArcticFox_am_I,
CrazyWhiteBoys,
staffordana,
oopoopbdo,
Trustnoone631,
DeeDub67,
Trustnoone631,
LOTTOWIZARD7,
jolievie123,
TineCrane1,
ArcticFox_am_I,
ArcticFox_am_I,
TayMcPartland,
moekamerow,
moekamerow,
moekamerow,
moekamerow,
moekamerow,
randypinball,
geraldjoeys,
HollywoodDebi,
swargcoming,
BHJesse,
SPMGMedia,
mrosas1010,
moekamerow,
RiskAlert,
DarthSpader747,
AlenBradley,
PurpleSageLA,
coccodrillo21,
psybrspcsuprstr,
moekamerow,
moekamerow,
moekamerow,
moekamerow,
213Raider,
WillPrado1,
213Raider,
Houxinw,
CrazyWhiteBoys,
everhartchad,
themightydrake,
wazcrakinps,
SDebidour,
Jwhite1208,
moekamerow,
moekamerow,
moekamerow,
ArcticFox_am_I,
SoCalLiberty,
MalibuMom62,
CrazyWhiteBoys,
GunnarMarcus,
Soul_Be_It,
Lily_v_Shtupp,
CrazyWhiteBoys,
CrazyWhiteBoys,
psybrspcsuprstr,
VegasClub,
CrazyWhiteBoys,
fallonator007,
Hans_Karl,
SoCalLiberty,
CrazyWhiteBoys,
CrazyWhiteBoys,
psybrspcsuprstr,
psybrspcsuprstr,
LOTTOWIZARD7,
LOTTOWIZARD7,
LOTTOWIZARD7,
Vinceygirl_lav,
Novelremodeling,
Novelremodeling,
SoCalLiberty,
LTSRowe,
eden4peace,
CoeD1972,
planetmuzicktv,
magadearg,
AnubisArgentino,
magadearg,
AnubisArgentino,
magadearg,
GingerRedd88,
CrazyWhiteBoys,
raine_sonne,
TNEAL54,
psybrspcsuprstr,
themightydrake,
swargcoming,
TreeHouseReal,
emerson7_m,
SusanGarren,
NormanDeArmond,
martini__shot,
danaforbernie,
WilliamPina72,
bizzylady2,
ConradViz,
CrazyWhiteBoys,
moekamerow,
nfury100,
JohnnyCashJr,
BrooksDslbrooks,
adsausage,
psybrspcsuprstr,
BrendaLalonde7,
BrendaLalonde7,
pall_com,
CrazyWhiteBoys,
packandclick,
NPete2,
CrazyWhiteBoys,
pall_com,
planetmuzicktv,
jryee_whaaat,
HuntingBigfoot,
doubld35,
fortyoverfifty,
moekamerow,
moekamerow,
moekamerow,
moekamerow,
moekamerow,
JackZullo,
doubld35,
CrazyWhiteBoys,
gabrielegray,
jcomex,
doubld35,
hegelianotw,
CoeD1972,
CrazyWhiteBoys,
siouxxsie17,
MethedActor,
Corona47Gary,
elenipaganitsa,
Vinceygirl_lav,
SoCalLiberty,
JoeyHenry2,
regalinterloper,
Lushqn1_Travels,
HuntingBigfoot,
GrahameLucas,
Mile_by_Mile,
calendar2400,
HLWDHighland,
moekamerow,
moekamerow,
moekamerow,
runningscott59,
CrazyWhiteBoys,
RealAngieR,
themightydrake,
urbancowgirl68,
Valen_of_Minbar,
HarryMazza,
swargcoming,
HarryMazza,
corvetteflex,
corvetteflex,
scorrice,
9dbl045,
ceep757,
EusebiaAq,
SoCalLiberty,
colonialdude,
swargcoming,
swargcoming,
SDebidour,
moekamerow,
moekamerow,
planetmuzicktv,
moekamerow,
moekamerow,
moekamerow,
moekamerow,
moekamerow,
moekamerow,
moekamerow,
moekamerow,
moekamerow,
moekamerow,
swargcoming,
EndOffStory,
moekamerow,
rockomajor,
Blendataylor,
moekamerow,
weepingacacia,
Novelremodeling,
SocialNGlendale,
ArcticFox_am_I,
coccodrillo21,
Anonymous583,
MethedActor,
donaldbot123,
moekamerow,
ShellieRaygoza,
Harleanlook,
lepetitportcord,
joaed_,
moekamerow,
elenipaganitsa,
moekamerow,
moekamerow,
BrendaLalonde7,
Fired_Up_2016,
RoyaltyYates,
swargcoming,
siouxxsie17,
EdDarrell,
bigmaktech,
BirgitNakielski,
GoldenbergD,
moekamerow,
FractalQuake,
moekamerow,
jessyboxer071,
everhartchad,
leeseio,
HealthCareNws,
charles4691,
EMS_Information,
soccermom818,
NPete2,
ChaleConCedillo,
golffnatic,
keith_johnson,
miworld11,
SoCalLiberty,
CrazyWhiteBoys,
moekamerow,
moekamerow,
moekamerow,
moekamerow,
Bonnielynnmarie,
ebdibbett,
bossleaguemm,
renaissancemako,
anaschmana,
CrazyWhiteBoys,
CrazyWhiteBoys,
psybrspcsuprstr,
Richard_Indoors,
Lorrain94741983,
RealAngieR,
boogiefinger,
LOTTOWIZARD7,
retiredfirecapt,
JohnnyHollywood,
Rosacar8915,
LABlossom7,
VideoLouis,
cclovephd,
Mimi9060,
charles4691,
randymendez_98,
ArcticFox_am_I,
ACENewsNetwork,
swargcoming,
legit1181,
doloresquintana,
EnigmaNetxx,
ToddRetired,
Cocolaboca,
randypinball,
swargcoming,
leidenhaag,
marc_mdv,
followbacksen,
swargcoming,
lizsmi77,
psybrspcsuprstr,
SpiritintheRoom,
psybrspcsuprstr,
shortyroc1979,
CrazyWhiteBoys,
moekamerow,
CrazyWhiteBoys,
Eyezz_Onlyy,
CrazyWhiteBoys,
teriguy,
allenvollbrecht,
renaissancemako,
pubman51,
moekamerow,
moekamerow,
moekamerow,
moekamerow,
moekamerow,
moekamerow,
moekamerow,
moekamerow,
moekamerow,
moekamerow,
moekamerow,
moekamerow,
moekamerow,
moekamerow,
moekamerow,
EMS_Information,
EMS_Information,
EMS_Information,
allenvollbrecht,
EMS_Information,
EMS_Information,
ps92264,
Msdmurph,
CrazyWhiteBoys,
AJPeacemaker,
swargcoming,
BrendaLalonde7,
swargcoming,
patrickfcox_cox,
Eyezz_Onlyy,
MattRPRT,
CorruptionWire,
TheMarkRoman,
BrendaLalonde7,
janrobinjackson,
DLTrunnell,
drcmbarron,
SpiritintheRoom,
swargcoming,
IMaLucasToo,
themainepain,
themainepain,
themainepain,
keith_millhouse,
CrazyWhiteBoys,
francesgates54,
Natalieeekbye,
swargcoming,
RBonner_,
outonthepatio,
GoodCitizenBand,
JOLANDAGAAL,
CrazyWhiteBoys,
MattRPRT,
wyoflyboy,
EnigmaNetxx,
RealBiddle,
moekamerow,
moekamerow,
SDebidour,
psybrspcsuprstr,
CrazyWhiteBoys,
RealAngieR,
renaissancemako,
moekamerow,
AgentE10309227,
ladywhitepeace1,
bigmaktech,
BrendaLalonde7,
staffordana,
mygifttoyou2,
LOTTOWIZARD7,
emerson7_m,
sophagazelle,
Vinceygirl_lav,
SpiritintheRoom,
FalconApoda,
jellyroll76,
BDS_Girl,
LNPSNIGHTMARE,
DispatchDemon,
swargcoming,
swargcoming,
Vinceygirl_lav,
bhwilson94yahoo,
TheOrigFRODO,
Anderss17Johnny,
Hans_Karl,
moekamerow,
renaissancemako,
BrendaLalonde7,
dc_us,
SoCalLiberty,
jep1299,
kbutterfly63,
moekamerow,
moekamerow,
moekamerow,
moekamerow,
moekamerow,
moekamerow,
moekamerow,
moekamerow,
moekamerow,
moekamerow,
moekamerow,
moekamerow,
moekamerow,
moekamerow,
CrazyWhiteBoys,
Vinceygirl_lav,
donaldbot123,
donaldbot123,
planetmuzicktv,
moekamerow,
moekamerow,
moekamerow,
Eyezz_Onlyy,
patrickfcox_cox,
moekamerow,
moekamerow,
moekamerow,
moekamerow,
moekamerow,
moekamerow,
moekamerow,
ArcticFox_am_I,
ArcticFox_am_I,
ArcticFox_am_I,
ps92264,
OakCreekWx,
moekamerow,
moekamerow,
SoCalLiberty,
planetmuzicktv,
nomorals31,
Thesueshi,
helganaddaf,
moekamerow,
moekamerow,
charles4691,
RMRealtor,
donaldbot123,
MattRPRT,
swargcoming,
donaldbot123,
lizsmi77,
Anapena35,
lizsmi77,
SDebidour,
swargcoming,
3POINTGROTTO,
psybrspcsuprstr,
composthappened,
Kronster1960,
swargcoming,
donaldbot123,
swargcoming,
SoCaPaul,
SundayBoxer,
nela_minded,
Ginger_Horns,
GunnarMarcus,
nofixedabode,
DRUMR48,
JonathanBearden,
trixywh,
Silky109,
Chido_One_562,
swargcoming,
swargcoming,
LIVE_COVERAGE,
life_ontherocks,
sophagazelle,
swargcoming,
philisking,
DispatchDemon,
moekamerow,
MSparaco1,
lkshw06,
HowardGriffiths,
articcat018,
twinrotors,
EnigmaNetxx,
OUT_THE_TRUNK,
hfdrhcdggf,
Jtshilarious,
mmbbkk,
DelimaAntonio,
swargcoming,
RealAngieR,
charles4691,
CrazyWhiteBoys,
moekamerow,
moekamerow,
moekamerow,
Eyezz_Onlyy,
Beckyfelice2,
noonefollowsme,
psybrspcsuprstr,
regalinterloper,
MattRPRT,
bhwilson94yahoo,
GingerNFrekles,
IMAKILL2020,
ps92264,
CrazyWhiteBoys,
raqueldehesas,
madmencrew,
djf123,
corvetteflex,
CrazyWhiteBoys,
psybrspcsuprstr,
planetmuzicktv,
tthompie,
zigzdiamondz2,
cshepherds,
moekamerow,
moekamerow,
OUT_THE_TRUNK,
moekamerow,
moekamerow,
moekamerow,
moekamerow,
moekamerow,
EMS_Information,
godemons27,
corvetteflex,
Thesueshi,
CrazyWhiteBoys,
renaissancemako,
mmbbkk,
MimmyHayes,
Hans_Karl,
sophagazelle,
DRUMR48,
swargcoming,
jillianmaranda,
TheatreofZen,
PEagles18,
Cals5C,
Cals5C,
swargcoming,
BTheMoo,
Sedsaidit,
dashingclaire,
mr_funsun,
moekamerow,
adate16,
18cingirl,
moekamerow,
moekamerow,
moekamerow,
moekamerow,
moekamerow,
moekamerow,
wxp436,
roz__ke,
Ecofriend235,
LDMEM1,
Ecofriend235,
CielitoSanchez1,
ps92264,
donaldbot123,
sushicraver1955,
ScottOlling,
webcentraltv,
RealAngieR,
DeLunaVintage,
DeLunaVintage,
elenipaganitsa,
FrankMendez1969,
swargcoming,
CrazyWhiteBoys,
ScottOlling,
dryheevz,
TulachArd,
bizzylady2,
Freeurmind_,
psybrspcsuprstr,
Cultiv8Hope,
Cultiv8Hope,
erikforCO,
EMS_Information,
pbarr818,
Avalon1333,
SDebidour,
breakinglanews,
josehuizar,
GavinKelley_13,
Dellcoffee,
vbislands,
victv,
Nina_Karma,
Black999sunday,
CoeD1972,
Chrisnanita,
BrendaLalonde7,
skippress,
clintsessentia1,
clintsessentia1,
clintsessentia1,
Dusk7393,
moekamerow,
RealAngieR,
ArcticFox_am_I,
gomez00023,
OUT_THE_TRUNK,
AllbrightPaint,
natalieg325,
SdawnwilsonDawn,
donaldbot123,
donaldbot123,
charles4691,
ThakurVijaySi14,
ThakurVijaySi14,
hookedin10,
TheatreofZen,
djf123,
MarkCyr8,
moekamerow,
RealAngieR,
LagunasRobert,
psybrspcsuprstr,
djf123,
followbacksen,
texanhellraiser,
charles4691,
SoCalLiberty,
BirgitNakielski,
AnthonyMonos,
jahmansting,
Vinceygirl_lav,
swargcoming,
mhmhart,
SonyaSamuels,
PursuingWhy,
EugeneKandarian,
Adee_9,
ScottOlling,
Canela_101,
LOTTOWIZARD7,
Meenakumari999,
Sedsaidit,
planetmuzicktv,
Cemtey,
planetmuzicktv,
stock_trades,
BrendaLalonde7,
WillPrado1,
Star2fireDenise,
swargcoming,
vbislands,
isableue95,
CrazyWhiteBoys,
AbelsMistress,
GeoKndrck,
calimtns,
beach_drinks,
MattRPRT,
UncleDimebag,
swargcoming,
juliannegabert,
juliannegabert,
Hans_Karl,
SquishyBomb17,
Vincev1990,
ProUSofA,
gabino_58,
Ecofriend235,
sandykjack,
LEONARDJOHNSON_,
AlenBradley,
ArcticFox_am_I,
swargcoming,
MattRPRT,
MattRPRT,
DelimaAntonio,
hookedin10,
MattRPRT,
EMS_Information,
MattRPRT,
BirgitNakielski,
SportsfreakLA,
AAC626,
AAC626,
AAC626,
HuntingBigfoot,
moekamerow,
moekamerow,
moekamerow,
moekamerow,
moekamerow,
moekamerow,
moekamerow,
moekamerow,
moekamerow,
moekamerow,
moekamerow,
PorettiRobert,
nancyneff2,
JAG_atthebeach,
TulachArd,
planetmuzicktv,
MattRPRT,
Ecofriend235,
donaldbot123,
JennaLeeTV,
moekamerow,
CrazyWhiteBoys,
MattRPRT,
DinoDennis53,
Giuliano1922,
adate16,
moekamerow,
GunnarMarcus,
bd560_1988,
beach_drinks,
beach_drinks,
BTheMoo,
nickbaird_,
__spiritofyouth,
beachwalk7,
je_elrick,
mygifttoyou2,
anti_baka,
randymartin7347,
RayMartinez,
TriumphDogg,
no2l,
anti_baka,
anti_baka,
anti_baka,
sandieshoes,
dearjudge,
anti_baka,
anti_baka,
seanspicers,
anti_baka,
seanspicers,
anti_baka,
ShannonWO,
607_382,
lowinfovoters,
FraninHudson,
Debi129,
namasteliving,
BrendaLalonde7,
KarenBa10864733,
ReCurseHeather,
MadonnaLoveDale,
AmethystBcloud,
swargcoming,
velvetnikitaB,
GreenPartyHello,
moekamerow,
moekamerow,
moekamerow,
CrazyWhiteBoys,
bnglw517,
bnglw517,
moekamerow,
moekamerow,
moekamerow,
KathyEastCoast,
USNERDOC,
BaileyPittipat,
psybrspcsuprstr,
NatereF,
wlmiii,
Black999sunday,
cshepherds,
CrazyWhiteBoys,
beverlytwigg,
316alco,
Hans_Karl,
SacramentoTpNws,
hog97lr,
swargcoming,
planetmuzicktv,
CrazyWhiteBoys,
AmethystBcloud,
SoCalLiberty,
micketi1950,
64domenico,
MattRPRT,
d_roneal,
Wary_Publius,
d_roneal,
gratefullife20,
DelimaAntonio,
HelenAn29146628,
ArcticFox_am_I,
DelimaAntonio,
DelimaAntonio,
RKukor,
AJDMaru,
psybrspcsuprstr,
salpie,
planetmuzicktv,
planetmuzicktv,
Mupparooni,
Babygirlassh,
martineztony92,
LOTTOWIZARD7,
SDebidour,
donaldbot123,
Problonde7,
calimtns,
JerrySandrrs,
bigmaktech,
bigmaktech,
RedBugEngine,
Zak_Dazzle,
CBXweb,
JackReb65,
SundayBoxer,
psybrspcsuprstr,
bhwilson94yahoo,
Chido_One_562,
FrankMendez1969,
LordOfWalteria,
SpaceDodgers,
RojerAils,
CrazyWhiteBoys,
une_redactrice,
psybrspcsuprstr,
dumbassgenius,
une_redactrice,
MattRPRT,
AllbrightPaint,
MarriageTopNews,
planetmuzicktv,
MattRPRT,
ArcticFox_am_I,
Rickchand,
globalecologist,
JoeDanMedia,
swargcoming,
clintsessentia1,
DebiMossScheler,
daBinsi,
hookedin10,
EMS_Information,
swargcoming,
swargcoming,
bigmaktech,
FrankMendez1969,
Marcelo22DRC,
daBinsi,
Besleybean,
BBarin2,
SocialNPasadena,
moekamerow,
snuggs077,
Black999sunday,
bigmanpigman1,
JoeorCB,
RlitchfRoger,
angelica9091,
planetmuzicktv,
emerson7_m,
swargcoming,
AnubisArgentino,
gordon_hughes2,
chenoite,
skippress,
LOTTOWIZARD7,
LOTTOWIZARD7,
ShellieRaygoza,
SDebidour,
EnigmaNetxx,
Noicd10,
JimmyRothzchild,
swargcoming,
planetmuzicktv,
FrankMendez1969,
kgforgovernor0,
LOTTOWIZARD7,
ConchNative67,
DRUMR48,
Problonde7,
Serena_Spencer,
planetmuzicktv,
calimtns,
cshepherds,
moekamerow,
moekamerow,
JansBoxerDog,
emerson7_m,
cshepherds,
sophagazelle,
sophagazelle,
Mulder24,
micortazonzz1,
LtAndyNorris,
swargcoming,
psybrspcsuprstr,
planetmuzicktv,
DelimaAntonio,
Jazie9,
benryanbalague,
swargcoming,
pattmlatimes,
peppersandeggs,
randymartin7347,
gomez00023,
McwilliamsMay,
christine_cary,
GunnarMarcus,
sophagazelle,
Kevaroo,
moekamerow,
moekamerow,
moekamerow,
moekamerow,
moekamerow,
moekamerow,
moekamerow,
moekamerow,
moekamerow,
moekamerow,
moekamerow,
moekamerow,
moekamerow,
moekamerow,
moekamerow,
moekamerow,
bhwilson94yahoo,
WineExpo,
HuntingBigfoot,
IBKMS,
Shazzapre,
DelimaAntonio,
kgforgovernor0,
SacramentoTpNws,
SheriHerman10,
KajonCermak,
kmjdu,
swargcoming,
lawprofblawg,
KatiePhang,
SundayBoxer,
AllbrightPaint,
swargcoming,
WestHillsNC,
lasleuth,
moekamerow,
moekamerow,
DavidMHuntsman,
rwwonwheels,
madmencrew,
HuntingBigfoot,
EnigmaNetxx,
LA_Woman711,
AllbrightPaint,
pattie541,
pattmlatimes,
moekamerow,
calimtns,
troyawalters,
tiago_prudencio,
MrsKHuie,
SoCalLiberty,
norriski4nge,
MrCBR10rr,
thelawanon,
Metalbones59,
jeremy_cryer,
thelawanon,
BMantagas,
marybethxx6,
cheryl_chryl,
MyCrashIs,
ranzojay,
DebraMMason1,
wallen48,
jedifreaksaber,
dstrausser83,
LA_Woman711,
Truthdojo,
swargcoming,
diversewoman1,
planetmuzicktv,
LMBigSur,
psybrspcsuprstr,
planetmuzicktv,
jramongarciav,
jramongarciav,
EricGuerin18,
GunnarMarcus,
AllbrightPaint,
MerschJames,
spoliarium11,
discoverykid_,
Jv_Ortiz,
lombardi_joseph,
Nina_Karma,
swargcoming,
micortazonzz1,
JaneMenloPark,
SusanIverach,
boogiefinger,
norriski4nge,
norriski4nge,
GunnarMarcus,
beach_drinks,
EnigmaNetxx,
CGSportsfan,
DelimaAntonio,
bend_time,
CGSportsfan,
ProtestTopNews,
Simeagh,
crashcolucci,
Dallas_Marcella,
CairoliOscar,
EnigmaNetxx,
LOTTOWIZARD7,
bigmaktech,
BellaDawn01527,
bigmaktech,
MsgInABottleGuy,
normsrestaurant,
normsrestaurant,
normsrestaurant,
normsrestaurant,
normsrestaurant,
BBarin2,
HuntingBigfoot,
moekamerow,
moekamerow,
sophagazelle,
AlenBradley,
bigmaktech,
bigmaktech,
alphatango4141,
HuntingBigfoot,
GunnarMarcus,
ArcticFox_am_I,
OakCreekWx,
swargcoming,
USA_Jedi,
terrier31,
KailaTruths,
SammyHains,
jopheir,
wazcrakinps,
NaomiLWood,
AlenBradley,
EnigmaNetxx,
MattRPRT,
mortonie,
HeringtonDean,
Soul_Be_It,
moekamerow,
youngestbrother,
scorrice,
swargcoming,
bl8ant,
soccermom818,
rubenbec84,
swargcoming,
jd1k00,
DawnsKiss,
pattmlatimes,
Ataraxis00,
terrier31,
moekamerow,
MattRPRT,
Hans_Karl,
PeskyJski,
MattRPRT,
psybrspcsuprstr,
Ms_Dianeee,
micortazonzz1,
gomez00023,
swargcoming,
Empowered_PR,
Empowered_PR,
EnigmaNetxx,
swargcoming,
AmethystBcloud,
planetmuzicktv,
wjclvrhs,
bigmaktech,
rcfwilmette,
abacor,
RickybIV,
charles4691,
stock_trades,
Downtown_Duncan,
Lady1963Bug,
jmoad35,
Simeagh,
Simeagh,
HelenAn29146628,
MAGAVoice,
MrRuffin_,
RealAngieR,
DavieNorwood,
SoCalLiberty,
gramie47,
BeachAddict80,
nofixedabode,
bladesout2011,
HaroldKelleyJr2,
BayAreaRenee,
swargcoming,
bigmaktech,
alex_abella,
swargcoming,
MrRuffin_,
HighDaeDae,
HighDaeDae,
WestCoastAVI,
maileflanagan,
danmonaghan,
Bid_Work,
LOTTOWIZARD7,
LOTTOWIZARD7,
allenvollbrecht,
GunnarMarcus,
SoCalLiberty,
bitaanee,
MrRuffin_,
coomod,
rwwonwheels,
Rich_893,
Rich_893,
moekamerow,
moekamerow,
Star2fireDenise,
CrazyWhiteBoys,
SoCalLiberty,
SoCalLiberty,
PerlaVFerrer,
bartnbeka,
kayzpen,
terrier31,
bigmaktech,
planetmuzicktv,
VegasRenegade,
moekamerow,
micortazonzz1,
NOTBEMI,
PatKinnane,
thebirdynest,
soniavivianaven,
swargcoming,
etina42,
bigmaktech,
jjmartini21,
gomez00023,
swargcoming,
Lorrain94741983,
WineExpo,
Lady1963Bug,
Ms_Dianeee,
daBinsi,
Serena_Spencer,
boone_shirley,
psybrspcsuprstr,
RumbleSkout3,
LOTTOWIZARD7,
DebiMossScheler,
CrazyWhiteBoys,
raftofwater,
raftofwater,
DRUMR48,
rwwonwheels,
ArcticFox_am_I,
pall_com,
Oldbikerfirst,
SoCalLiberty,
fredfromla,
socaljb869,
DelimaAntonio,
SuzanneinLGB,
croixtien,
rjl1973,
charles4691,
LOTTOWIZARD7,
Immigration_Top,
SoCalLiberty,
RonaldWaddy,
tahititom,
dennissweatt,
sterlingvoth,
Intuitivejody,
PickledBeetz,
LOTTOWIZARD7,
n4ink,
planetmuzicktv,
swargcoming,
swargcoming,
pall_com,
Yesseni05557071,
LOTTOWIZARD7,
tsude_yutaro,
CrazyWhiteBoys,
RealAngieR,
splendidjasmine,
Arborsierra77,
LOTTOWIZARD7,
kgforgovernor0,
monkwatch,
CrazyWhiteBoys,
gratefullife20,
Gion_Gion,
MattRPRT,
tahititom,
vbislands,
CrazyWhiteBoys,
ItsYourBoi8,
bigmaktech,
oswaldheston,
charles4691,
julianawriter,
eyetraveler,
tahititom,
DRUMR48,
Problonde7,
Cgriffin3323,
majorpettifogge,
Yesseni05557071,
SwitchedAtB,
JackZullo,
PaperOnion,
PaperOnion,
ps92264,
PaperOnion,
PaperOnion,
hector_vitela,
SoCalLiberty,
StormWall82,
DeChipMeUsGov,
DeChipMeUsGov,
bigmaktech,
HuntingBigfoot,
CameronPaton,
bikinginla,
corvetteflex,
goodgirlcrystal,
PaperOnion,
regalinterloper,
PaperOnion,
ps92264,
e1ev1n623,
nasty_woman2,
missmyhappybird,
bigmaktech,
FrancisLozano7,
NatereF,
matragrano,
EndElderAbuse,
kgforgovernor0,
jopheir,
JohnnyHollywood,
sirnatas,
loretta_stiles,
AnnettePettigr2,
swargcoming,
swargcoming,
swargcoming,
MaryJoLA,
RealAngieR,
CoeD1972,
beachmama50,
Avioletpisces,
ArcticFox_am_I,
Simeagh,
RealAngieR,
conservtivemom,
cr7ftb,
Janeort77212581,
MitchTanase,
tammiejwilliams,
asianworldff,
SuzanneinLGB,
therealrealtred,
SundayBoxer,
namasteliving,
bigmaktech,
francesgates54,
francesgates54,
noFlyzone_1,
Manchfirebuff18,
sunmantwritter,
sunmantwritter,
Hans_Karl,
tryitmelvin,
followbacksen,
bigmaktech,
CrazyWhiteBoys,
planetmuzicktv,
swargcoming,
SundayBoxer,
BrooksDslbrooks,
NinjaPosition_,
BrooksDslbrooks,
JavierSotoTV,
Carla_Dv7,
RayMartinez,
Just_Phintastic,
XmannettaX,
HausofVolta,
Avioletpisces,
RealAngieR,
moekamerow,
moekamerow,
moekamerow,
BobCurrer,
DodgersLowDown,
moekamerow,
moekamerow,
moekamerow,
moekamerow,
moekamerow,
everhartchad,
everhartchad,
CarChrEliRia,
psybrspcsuprstr,
thedon1998,
WheatFree32,
HelenAn29146628,
hookedin10,
andycapp48,
DavidlBennettII,
DavidlBennettII,
DavidlBennettII,
DavidlBennettII,
DavidlBennettII,
DavidlBennettII,
tahDeetz,
DeepSouthProud,
everhartchad,
blossombyjam,
theukulady,
runMEnow08,
charles4691,
WineExpo,
CorruptionWire,
planetmuzicktv,
Chido_One_562,
jo3_f,
SparkleAWin,
DLTrunnell,
EnigmaNetxx,
DLTrunnell,
EnigmaNetxx,
DLTrunnell,
EnigmaNetxx,
EnigmaNetxx,
SundayBoxer,
coccodrillo21,
SDebidour,
Sedsaidit,
janetcalif,
everhartchad,
SherylKovach,
LOTTOWIZARD7,
alborhythm,
moekamerow,
moekamerow,
Yesseni05557071,
aljomurr88,
musicatarsis,
phoenixjug,
SuezWillson,
MethedActor,
PastorPaul001,
DanaMBretz,
rona65,
HuntingBigfoot,
notredamegrad04,
HelenAn29146628,
Chido_One_562,
RobertMarkEnger,
ma527681,
MarvTheMurderer,
MsD_408,
LOTTOWIZARD7,
psybrspcsuprstr,
RichDadamo,
madavis323,
MrAviator_,
Venice311,
JayanandaBernal,
janetdungan,
heffjobbs,
JayanandaBernal,
JayanandaBernal,
JayanandaBernal,
bigmaktech,
jopheir,
psybrspcsuprstr,
Newlysane,
Newlysane,
Newlysane,
CA_Pesticides,
ArcticFox_am_I,
KurMudGin,
MeMeJuneO,
bd560_1988,
BluMyst,
moekamerow,
Hans_Karl,
moekamerow,
starhistorian,
moekamerow,
SawyerAndrew,
jjmartini21,
oneptofview,
lwilli78,
AbknowrmalClown,
Avioletpisces,
gomez00023,
chaboparati,
MimmyHayes,
charles4691,
HelenAn29146628,
liberalgirl4,
Hans_Karl,
lynstein45,
GrahameLucas,
LOTTOWIZARD7,
bartnbeka,
foldfreenews,
ftbalgirl79,
FIGHTINGVETERAN,
EconomyRadio,
KPHodgkiss,
hookedin10,
gr8niss71,
Chido_One_562,
wismiss3,
robinstillrocks,
regalinterloper,
urbancowgirl68,
EllenAlbertoni,
LitaESheehan,
geekcartel,
JAG_atthebeach,
SundayBoxer,
ninapattillo,
GrahameLucas,
beachmama50,
WineExpo,
LOTTOWIZARD7,
SoCalLiberty,
susan_shafer,
SoCalLiberty,
wazcrakinps,
RayMartinez,
MattRPRT,
702_9153,
702_9153,
djrosenberry,
WellnessByMD,
morswagga,
starhistorian,
Billfishead,
Ms_Dianeee,
JoeREstrada,
Marcelo22DRC,
jaffe_johnson,
randypinball,
theopendaily,
rekabwerdna,
Hotchka_LAX,
Chido_One_562,
InfoWarsBN,
Sara35153,
melissalouis29,
Sara35153,
melissalouis29,
Sara35153,
melissalouis29,
SoCalLiberty,
SusanDadamo,
jessicahannan81,
noFlyzone_1,
DelimaAntonio,
macasu,
terrier31,
moekamerow,
TerriLynch78,
DelimaAntonio,
writingdownpat,
WineExpo,
Rustin3000,
Rustin3000,
Rustin3000,
Rustin3000,
Rustin3000,
Rustin3000,
Rustin3000,
wildfirediva,
grigory_rasput,
HipHopMatrix,
Ms_Dianeee,
One_Sodapop,
One_Sodapop,
Serena_Spencer,
MimmyHayes,
MimmyHayes,
PatsCSW,
SundayBoxer,
katymoffdid,
lairdchristmas,
TreeHouseReal,
Sadiesniece,
FearlessMvmt,
Sadiesniece,
Lady1963Bug,
Northquahog48,
KatrokkJones,
ismailkidd,
MaryAbrahams,
SCVEmergencyNow,
glambertgranny,
RickG603,
MIKEOLXXX,
PaperOnion,
Hans_Karl,
gordonpreece,
oswaldheston,
HarrisonSmith85,
Jessiferri1,
vbislands,
AnimalMetal,
RealPJP,
kbutterfly63,
RealPJP,
coccodrillo21,
RodZencones,
TFLINY,
AdvertisingNws,
moekamerow,
DailyBake_News,
NaomiLWood,
gomez00023,
Jack06658744,
pvm33,
Corona47Gary,
JHbME,
Lady1963Bug,
ViewsFromSoCal,
ViewsFromSoCal,
TheatreofZen,
ImaMichaelBrown,
SportsfreakLA,
OliverStrawhat,
AshleySugarman,
darthmalgustavo,
bd560_1988,
EnigmaNetxx,
isableue95,
moekamerow,
moekamerow,
moekamerow,
moekamerow,
babechez,
stamback_kat,
dodgereagle,
OUT_THE_TRUNK,
FrankHBG1,
Thesueshi,
neko6,
DEVILKINGAD7,
katelcasas,
Henry_Gunn,
VannagrammyLiz,
memakingchange,
katymoffdid,
5075Ileana,
MrBaseball1960,
OUT_THE_TRUNK,
DEVILKINGAD7,
WineExpo,
MissRodgersHood,
Tiffany4ever,
Hans_Karl,
LisaSmi30580467,
LisaSmi30580467,
TerrenceMyles,
CalliopeCo,
Altairpr,
Toolcase,
swargcoming,
antonialee1978,
MettersMs,
njmike731,
MerajUd64858888,
NaomiLWood,
VelvetQRealm,
dihya_am,
MerajUd64858888,
bleedingheartmx,
alexcooper81,
SoCalLiberty,
Hans_Karl,
WineExpo,
SoCalLiberty,
SoCalLiberty,
moekamerow,
moekamerow,
moekamerow,
HuntingBigfoot,
SoCalLiberty,
Trueangel1864,
SoCalLiberty,
westieTX,
PorettiRobert,
9ersNtrojansfan,
charles4691,
9ersNtrojansfan,
jackhammer3853,
davirgo77,
esilef,
esilef,
esilef,
esilef,
esilef,
esilef,
urbancowgirl68,
esilef,
Molejaoo,
ICE_NLACo,
foldfreenews,
NewsSourceLA,
bizzylady2,
CourtPencil,
gomez00023,
moekamerow,
katindunn,
hugocarlo,
moekamerow,
deedeesmiles4u,
BrianLemaire2,
emerson7_m,
theopendaily,
stay_visible,
jacquelinefours,
lindaparkj53,
ninapattillo,
moekamerow,
moekamerow,
moekamerow,
moekamerow,
moekamerow,
moekamerow,
moekamerow,
moekamerow,
moekamerow,
moekamerow,
moekamerow,
moekamerow,
moekamerow,
moekamerow,
moekamerow,
moekamerow,
moekamerow,
moekamerow,
moekamerow,
moekamerow,
moekamerow,
moekamerow,
moekamerow,
moekamerow,
moekamerow,
SoCalLiberty,
SacramentoTpNws,
moekamerow,
moekamerow,
moekamerow,
moekamerow,
moekamerow,
moekamerow,
moekamerow,
moekamerow,
moekamerow,
moekamerow,
moekamerow,
moekamerow,
moekamerow,
moekamerow,
moekamerow,
moekamerow,
moekamerow,
moekamerow,
moekamerow,
moekamerow,
moekamerow,
moekamerow,
moekamerow,
moekamerow,
moekamerow,
moekamerow,
moekamerow,
moekamerow,
moekamerow,
moekamerow,
moekamerow,
danm4n,
Hotchka_LAX,
regalinterloper,
Henry_Gunn,
deedeesmiles4u,
Chernynkaya,
DebiSnyder,
nofixedabode,
drewruiz85,
IAmJenMcG,
moekamerow,
RandJ712,
MsD_408,
VelvetQRealm,
GregfromPotomac,
LeaBea01,
galootus,
psybrspcsuprstr,
llstokes72,
LOTTOWIZARD7,
RiseUpAbove,
jamesnagaremono,
ALANDexter2020,
dnygrlsmom99,
starhistorian,
hoosercharles58,
lisarand99,
AnthonyFolsomSr,
Lorrain94741983,
chandrapaal1049,
RepStevenSmith,
LOTTOWIZARD7,
randy_winans,
Aerosmith888,
Aerosmith888,
KCDorianGray,
camille94037,
CeelosM,
Ms_Dianeee,
ShellieRaygoza,
photospice,
amorandrea,
SusanGarren,
usedtobgop,
scorrice,
Kaygirl8Lawana,
Ms_Dianeee,
ninapattillo,
SusanGarren,
Catalinapby1,
Catalinapby1,
Catalinapby1,
Conservative58,
shadeedkelly,
HP_SRH,
Goldilocks19,
DeborahBaker23,
DeborahBaker23,
DeborahBaker23,
DeborahBaker23,
MagaliLin,
LordRojam,
ElizabethAnn625,
politcalparrots,
Hotchka_LAX,
xhertx,
SoCalLiberty,
trishaspringst1,
shamrockflag,
pall_com,
GreenBayGeorge,
msfrenchy21,
Mymomswhite,
MsD_408,
HelveticLA,
ChiNewsBench,
PatKinnane,
delgeo1,
ps92264,
garden_nome1,
bigmaktech,
davidwright1957,
joelyork48,
NPete2,
alexazzam40,
_stefano_23,
desertgardens,
stix111,
newscloud_io,
newscloud_io,
shamrockflag,
XLeeeeshX,
Lissa_Johnston,
shamrockflag,
bigmaktech,
skippylegrand02,
Yan82my,
skippylegrand02,
Yan82my,
skippylegrand02,
Yan82my,
skippylegrand02,
skippylegrand02,
Yan82my,
skippylegrand02,
Yan82my,
SeriouslyOMGWTF,
CASofaTree,
Star2fireDenise,
CASofaTree,
KajonCermak,
shamrockflag,
trishaspringst1,
shamrockflag,
Hotchka_LAX,
shamrockflag,
HelveticLA,
SundayBoxer,
Taoist_Skeptic,
johnsotd,
bigmaktech,
BrianLemaire2,
Nathan_James01,
emerson7_m,
WineExpo,
12thManHawkFan,
shamrockflag,
Afroholicness,
bend_time,
madbradpotts,
norriski4nge,
calimtns,
DIPOKC,
Tobymare,
coesign,
noFlyzone_1,
tym2g3thi,
noFlyzone_1,
DavidlBennettII,
followk13713934,
WineExpo,
TwinDad6,
followk13713934,
AnimalMetal,
LIVE_COVERAGE,
Nikal46388308,
TerriMarsh11,
bigmaktech,
wjclvrhs,
petrafyed,
TariqZarif,
SwitchedAtB,
coesign,
KimeeAnnR,
MiddleEastGuy,
flyLAXairport,
reltrug23,
Sportsnewsdail3,
Followj85040700,
RillyKewl,
Pjdahling,
SundayBoxer,
KajonCermak,
georgeyanev2,
LAFoodie,
SundayBoxer,
KajonCermak,
SundayBoxer,
Hotchka_LAX,
RedChoctaw,
shamrockflag,
shamrockflag,
shamrockflag,
shamrockflag,
humamad,
charles4691,
LAWTF,
covlox,
GoodyAwards,
AnthonyMonos,
Hotchka_LAX,
PlugOneTwo,
SoCalLiberty,
Breaking_NewsTN,
corvetteflex,
Chris0u24,
winemanboy,
Breaking_NewsTN,
Breaking_NewsTN,
GrahameLucas,
fredfromla,
Bead109,
FoundationAngel,
xMattBomer,
VeredMagazine,
Ms_Dianeee,
ThinkBlue47,
soccermom818,
oldmanjust1,
p65tang,
LASportsShop,
shamrockflag,
shamrockflag,
bleedingheartmx,
loscabos411,
Crazydriver315,
theopendaily,
geekcartel,
shamrockflag,
shamrockflag,
notredamegrad04,
RaiseURH,
HiltonCheckers,
Hotchka_LAX,
RMTywg,
SoCalLiberty,
brittlashay,
Design2SellLA,
StephenVigh,
tsukertokhes,
PaulRewardsFuel,
TheKubliest,
therealjoshyd,
TheKubliest,
TheKubliest,
IIlhpip,
TheKubliest,
dstrausser83,
jose_tijam,
bd560_1988,
RMTywg,
TheChefSean,
RandiCee,
KlubGymnastics,
currencydolla,
David_Lische,
lizhkelly,
SoCalLiberty,
victorygrower,
psybrspcsuprstr,
keith_millhouse,
Breaking_NewsTN,
xMyLifeAsLiv,
NorcoSlinger,
styleprdiva,
MintLA,
shamrockflag,
koolkat14215,
msbhavens1,
msbhavens1,
Breaking_NewsTN,
emerson7_m,
R8drick,
geekcartel,
MattRPRT,
JohnWusah,
XANAXDREAMS,
Design2SellLA,
yimmyworldwide,
KatunShow,
Chris0u24,
MattRPRT,
martinElVet,
Caplusamerica3_,
GavinKelley_13,
JamesDevaney2,
liz_juliet,
liz_juliet,
SoCalLiberty,
SoCalLiberty,
HelveticLA,
Chris0u24,
JamesDevaney2,
hugocarlo,
ruffje76_b,
coesign,
RelentlessDespo,
lordrochester,
KillahRonh,
shamrockflag,
HelveticLA,
Breaking_NewsTN,
WineExpo,
luciferdan,
sidewaysburnout,
GrahameLucas,
WeForNews,
shamrockflag,
shamrockflag,
mattresstagging,
shamrockflag,
LOTTOWIZARD7,
WineExpo,
MalibuKrissy,
Soul_Be_It,
LOTTOWIZARD7,
shamrockflag,
shamrockflag,
shamrockflag,
jefe_viejo,
wmcine,
Breaking_NewsTN,
shamrockflag,
Si1Steve,
arifjamallodhi,
DrPelt,
graphicsmusic,
eyewill3,
NASCommercial,
KeithPaysonLA,
AradiasMusic,
Emilianochenko,
GeorgeAllenSan1,
HelveticLA,
FEMI_FATALE,
phoenixjug,
liberalgirl4,
kardanews,
norriski4nge,
WineExpo,
MauriceProctor,
rockinwrapup,
lisarand99,
launchtickerHQ,
shamrockflag,
shamrockflag,
HelveticLA,
ScionOfScorpio,
phoenixjug,
SusicornS,
MauriceProctor,
HectorAvlis999,
deborahramaglia,
swat4hire,
shamrockflag,
shamrockflag,
shamrockflag,
shamrockflag,
GrahameLucas,
jokeyjoe70,
dennisjromero,
AnthonyFolsomSr,
MegMegssan,
urgenciaschile,
bionoticiascl,
Radio_Emergenci,
itsme_leclerc,
WineExpo,
erik_griswold,
TreeRemovalNC,
flyLAXairport,
Caplusamerica3_,
WineExpo,
Flyergirl88,
virgopatti,
ggblogging,
LawRos74,
DebiMossScheler,
GrahameLucas,
PattyBiancacci,
PattyBiancacci,
SavePasadena,
benryanbalague,
StephaniGale,
_stefano_23,
Espy1aj71,
ShowbizSimon,
AnthonyFolsomSr,
macandsoul,
Fedhislayer,
theopendaily,
amasterofmagic,
JamesJava,
charles4691,
JohnnyHollywood,
moseslopezART,
lkshw06,
MattRPRT,
roz__ke,
garpel1949,
DrPelt,
shamrockflag,
shamrockflag,
shamrockflag,
steve_kindred,
glambertgranny,
cuemiller,
glambertgranny,
cuemiller,
bourbonroad,
SsandyMeier,
FancyComedy,
abacor,
kavyajha19,
raqooq5,
NashFargo,
NelsonBermejo,
michaelhyatt16,
emerson7_m,
BrookeLewisLA,
bigmaktech,
genghisgalahad2,
mrsvlofton,
Just_Julian1,
Womenpols,
StoriesTweet,
GrahameLucas,
BobbleheadHall,
AnthonyFolsomSr,
Earthquake_rt,
realEzekielZeke,
_SheXy_,
nancyneff2,
kgforgovernor0,
kgforgovernor0,
tyuirhjk,
Earthquake_rt,
dennisjromero,
Sweeptoday,
RojerAils,
DelAmosFinest,
HelveticLA,
gratefullife20,
steemee,
MauriceProctor,
Debasish0102,
Caplusamerica3_,
shamrockflag,
shamrockflag,
theopendaily,
J0HNNYDR,
LOTTOWIZARD7,
redhed67,
_SheXy_,
jopheir,
DenoSandz,
shamrockflag,
buzzttviral,
shamrockflag,
shamrockflag,
SagorMamun,
buzzttviral,
buzzttviral,
Soul_Be_It,
JohnnyHollywood,
SagorMamun,
Ms_Dianeee,
debl115,
ouidah27,
bigmaktech,
AlwaysThinkHow,
sillyyashh,
RojerAils,
BrianLemaire2,
tym2g3thi,
tym2g3thi,
martinez3507,
WineExpo,
shamrockflag,
TressielynnK,
Earthquake_rt,
lindameyer22,
StolenSweeties,
sahadevkandar,
Lovingalaugh,
NathanLoveright,
semnansara,
zepherpro,
TressielynnK,
Earthquake_rt,
LOTTOWIZARD7,
windycity0810,
tym2g3thi,
windycity0810,
WineExpo,
DennyAlfonso,
czitzow15,
WoodyMcBreairty,
BelaBelarina,
DenoSandz,
HelveticLA,
KingdomOfPaws,
Earthquake_rt,
Adee_9,
regalinterloper,
croixtien,
StoriesTweet,
WineExpo,
AdrianaofOC,
shamrockflag,
coesign,
Earthquake_rt,
mullazdzimba,
MalibuKrissy,
blissedoutb,
freelancewoman,
thewritelady,
norriski4nge,
bd560_1988,
gratefullife20,
AnthonyFolsomSr,
LakersGold,
MauriceProctor,
theopendaily,
norriski4nge,
norriski4nge,
GrnGalFrmSoCal,
shamrockflag,
genghisgalahad2,
wjclvrhs,
DorianSnyder,
HelveticLA,
SundayBoxer,
KajonCermak,
SundayBoxer,
HuntingBigfoot,
dasb_,
dasb_,
inowgb,
HelveticLA,
SuzanneSclores,
pall_com,
BethsTweetsHere,
tarferg,
jerkass10,
Matticapper,
tarferg,
Matticapper,
MJs__Smile,
jopheir,
HuntingBigfoot,
Earthquake_rt,
MJs__Smile,
shamrockflag,
shamrockflag,
shamrockflag,
WaldoKanto,
XLeeeeshX,
PamelaRosePhd,
EasterLemming,
WineExpo,
LifeInLAPodcast,
MattRPRT,
BrianLemaire2,
mortonie,
Earthquake_rt,
shamrockflag,
Shannon_Skinner,
hugocarlo,
NPete2,
NPete2,
MattRPRT,
Jeni_Melt,
stevenhanprjcts,
mshemispheres,
kayel_m,
chevella520,
SeanGrenier,
diegojimmyjames,
shamrockflag,
shamrockflag,
koorber_mary,
Familylawcourts,
OcejoJose,
learn_lta,
cykelly1718,
take2radio,
shamrockflag,
shamrockflag,
shamrockflag,
MsD_408,
YoLenzs,
wjclvrhs,
far_west,
SDTwitGuy,
WineExpo,
_SheXy_,
AnthonyFolsomSr,
Earthquake_rt,
shamrockflag,
shamrockflag,
shamrockflag,
thewritelady,
roxanneteti,
nilushah,
DenoSandz,
DenoSandz,
DenoSandz,
90210Realtor,
WineExpo,
snoopy1957,
MiocatC,
RamirezTijuana,
christinaLW28,
StanleyCohenLaw,
StoriesTweet,
AirPhilosophy,
AnthonyFolsomSr,
injusticesfight,
Vibrations144,
arifjamallodhi,
Teddyshouse2II,
injusticesfight,
MortensenKat,
LOTTOWIZARD7,
WestHillsNC,
ShoreGuard,
Earthquake_rt,
Jim_B60,
hjanovervo,
hugocarlo,
Ecofriend235,
StudioLaurent,
shamrockflag,
shamrockflag,
Earthquake_rt,
Grant_Gilligan,
coesign,
tyronesmitty43,
AprisRestore,
HempmeHempyou,
thewritelady,
WaldoKanto,
MalibuKrissy,
cllevod,
DragonEnergy45,
roz__ke,
NelsonBermejo,
gratefullife20,
ParkPlaceCali,
shamrockflag,
shamrockflag,
LOWENDGEORGE,
antonialee1978,
SundayBoxer,
MauriceProctor,
cllevod,
HHTVmodels,
DansAFunnyMan,
WindsorRoberta,
take2radio,
awelab1956,
PoliticallyLib,
LudmilaSok,
chevella520,
HuntingBigfoot,
NaphiSoc,
rod_max_bax,
shamrockflag,
shamrockflag,
DashDashNote,
BlackKnight0951,
shamrockflag,
theboom1,
ZachariahWaller,
Dear_Miss_Missy,
SwitchedAtB,
cllevod,
BeckyJohnson222,
mrsvlofton,
thewritelady,
