marypankiw,
RTreiger,
MaralynBurstein,
MaralynBurstein,
stormforceman21,
RobynSChilson,
LadyOnTheRight1,
ShabangShabazz,
ShabangShabazz,
pinklippy,
Amyloukingery,
FilmDoctor,
SurvivorFan2016,
MaralynBurstein,
SurvivorFan2016,
SurvivorFan2016,
121valentine,
121valentine,
jchjch62,
IngaZorin111,
MangooniAE,
BethanySpry,
rutam2011,
stevecanes1,
aubrynathome,
PINKYPIE41,
PINKYPIE41,
PINKYPIE41,
PINKYPIE41,
PINKYPIE41,
PINKYPIE41,
PINKYPIE41,
PINKYPIE41,
PINKYPIE41,
PINKYPIE41,
PINKYPIE41,
PINKYPIE41,
EdwardPishkin,
NotUnderdog,
RickBulow1974,
Frakistan,
Marie903,
Taking_Back_USA,
RickBulow1974,
Bo_dree_yard,
MaralynBurstein,
Indy_doc,
eclectichorzman,
RegularBlack_,
RegularBlack_,
RegularBlack_,
RegularBlack_,
RegularBlack_,
JonHendricks83,
