Thunderballs2,
alexespind,
alexespind,
alexespind,
PeperLinda,
SGeiselhardt,
hitinman,
rmabennett,
rmabennett,
rmabennett,
rmabennett,
rmabennett,
rmabennett,
seefar_org,
woolwichonline,
smartaura,
NenitaSh,
Run4VIDEA,
maureen_c_m,
Donaldikenna1,
mk_makam,
MrZeroQ0,
rmabennett,
rmabennett,
ShowPatience,
NenitaSh,
AIncubator,
dharamvirtanwar,
AmarinFinancial,
colonialdude,
P_ink_fist,
P_ink_fist,
flintvictim,
GilZuntzes,
TetraTechIDJobs,
rmabennett,
oldozdog,
moubana,
jumaa_karne,
TIAdvisors,
ID4Africa,
CrisisHuman,
LibertadoresLos,
colonialdude,
stesimo1263,
linaka20,
marjorie_ram,
KathMorrow90,
divyakantmishra,
fchuki,
amanamhillary,
rajamaiya,
realmajesticlub,
wolfeprowler1,
engelstad_b,
paulopedroso,
CrazyEarthLover,
CrazyEarthLover,
somnalige,
DetoxDietFoods,
Faikham,
RamanGowri,
engelstad_b,
UlgudurSaim,
dazdesb,
dazdesb,
LAsamurai27,
deeali1,
seo530124,
PillaiJiji,
rmabennett,
rmabennett,
rmabennett,
guuuztuff,
Hyper67,
Faikham,
ConCitOhio,
marcjolivet13,
Babebuymethis,
Babebuymethis,
carolinebustam8,
rmabennett,
sprayfoamkings,
Ken_Greenwood,
OVVeterans,
JMFLB,
rmabennett,
rmabennett,
rmabennett,
vijayzawar,
colonialdude,
rmabennett,
iloveOGstyle,
Wonder_Trish_,
markcote873,
100Concerned,
100Concerned,
Quiqueg5,
rmabennett,
rmabennett,
rmabennett,
TocoJuju,
rmabennett,
rmabennett,
reallyglobal,
dean_anonym,
thepoliticalcat,
SGeiselhardt,
jedi_lego,
sweet_padma_k,
rmabennett,
re_wording,
AlinPiyaya,
Verflixte13,
pameladubsky49,
OsmanAkkoca,
OsmanAkkoca,
AileenPix,
thisisjeffrey,
alokarukha,
TheNakedLawyer,
fullonliving,
Earthquake_rt,
rmabennett,
rmabennett,
jackiedeburca,
MarPagesTWL,
rmabennett,
rmabennett,
rmabennett,
rmabennett,
rmabennett,
rmabennett,
drciusbonds,
energyumpire,
Ginrosge,
