JoachimPeiper8,
readwriteblue,
12StepGolf,
hws5mp,
geneeverettshow,
geneeverettshow,
geneeverettshow,
geneeverettshow,
17bt1,
keprdad,
geneeverettshow,
DianneSteiner,
12StepGolf,
readwriteblue,
P4sedBlog,
RyanDDowns,
12StepGolf,
Superman6869,
12StepGolf,
readwriteblue,
12StepGolf,
casey2513,
MAXmediaNews,
KevinCorcoran77,
stellamolly511,
P4sedBlog,
KevinCorcoran77,
casey2513,
Mannix1925,
stellamolly511,
RonaldO97060487,
AlanChaput,
KCarslin,
wallen48,
JohnFit91102523,
mrbumbastard,
PinoyDances,
casey2513,
stellamolly511,
LeslieDye4,
LeslieDye4,
stellamolly511,
mcicero10,
Gelsomino357,
RyanDDowns,
JennaSeeks,
Tamaraw68415067,
Tamaraw68415067,
MarlaMHughes,
MarlaMHughes,
Tamaraw68415067,
Tamaraw68415067,
Tamaraw68415067,
Tamaraw68415067,
Tamaraw68415067,
Tamaraw68415067,
stellamolly511,
MauriceMAGA,
BlackMesa1998,
BizNetSC,
Calvin1418,
xformed,
sergiez,
P4sedBlog,
dixydeans1,
12StepGolf,
CarolynFurman,
mcicero10,
Rickmcclintock,
CharlizeRed,
cssueta,
benbeaird,
earth70s,
DontMockMyTypos,
P4sedBlog,
DianneSteiner,
mollyshea_shea,
dgcnlv,
755_314,
turdface68,
LSUJEFF,
rictsa04,
trlblzr969,
keprdad,
edmondsburnaby,
irisheyes8701,
ocasiosalsero,
wseminole99,
dixydeans1,
DianneSteiner,
ChanceJerry,
ee1144,
JoeweeJam,
1ProuDMuslimah,
1ProuDMuslimah,
Markallenjobe1,
1ProuDMuslimah,
1ProuDMuslimah,
1ProuDMuslimah,
Crossbones47,
Crossbones47,
Crossbones47,
Carobailey864,
DoctorWerner44,
Tcrombo,
joannems35,
CrockettLives,
ckensingtn,
twitchyouttoday,
twitchyouttoday,
twitchyouttoday,
RodneyUdell,
DorvalTony,
davidh7426,
Counselor70,
NanaBertie99,
twitchyouttoday,
twitchyouttoday,
ilcapitanCristo,
mcicero10,
IJihadEnough,
NattyBarclay,
brewer_ray,
robin_bev,
Trump5254,
angelsavant,
BOlson63475131,
jean_laxton,
jean_laxton,
JoanneColombo,
Love32867,
N2332L,
IJihadEnough,
PatriciaAHenso1,
delyju,
GiveMeLiberty56,
southgadiva,
jtblogs,
RickBulow1974,
rmack2x,
The405radio,
Magna_Vita,
PF1HQ,
LifeLibHappy,
Pray4US_Daily,
petesmom2,
MichellePalm,
Prairie_Cajun,
RoseMaryTBA,
TheHalliCJShow,
RickBulow1974,
emptytomb54,
ALLEyEsOnDC,
bapartofmylife,
alyssastew77,
Arbara0728B,
JamieWinn4,
njc0217,
elle111nyc,
Bwdreyer,
TRPhrophet,
chriscdailey,
Amberis4LSU,
RickBulow1974,
AmericanSpringg,
JudyPep,
RickBulow1974,
AgingRepublican,
tpel78,
jkhgovols,
HeatherMMurphy,
RickBulow1974,
belllabooo13,
libsnemesis,
RickBulow1974,
eph4_15,
ccstia,
meerak360,
Fridjii,
meerak360,
Fridjii,
Johnny_Petrini,
Reiuxcat,
bdoghamilton,
heath_karen,
PecosRoyBean,
BlueballsNina,
Fingersflying,
Fingersflying,
Fingersflying,
Fingersflying,
Fingersflying,
Fingersflying,
Fingersflying,
RobertJetterJr,
CoachCub,
suemayonline,
RussHansen51,
ellisreyes,
HowardRoper,
WiseBanyanTree,
Able_49,
Momofonly3,
serr8d,
Curious_Dawg,
faultlineusa,
BishopSPope,
FFRNewsNet1,
conservMOM1776,
Explain_it_4_me,
sheila14all,
PsychicStoner,
usplaymoney,
vmpcott,
JosephEach,
gerfingerpoken,
AlanWil99356029,
Fingersflying,
NCalConservativ,
lisam02184,
sdv92,
tim_dash1,
JSantonia,
cantontweet,
DadCommie,
Redeemed1952,
dutchmn007,
Fingersflying,
Fingersflying,
Fingersflying,
Fingersflying,
Fingersflying,
Fingersflying,
Fingersflying,
NamNix,
RobustRepublic,
rickbkylex,
truebkgirl,
DrottM,
realBethNeale,
Battleblade1,
McnealyGeorge,
leahmeyer49,
Angelstarspeaks,
HandbagsByDyana,
cgeclectics,
