maxotte_says,
natureviewhuman,
aangelo_ge,
t4c1tus,
Reichsvikar,
A1Geyer,
mortalhope1,
PreussischBlau9,
mario_edelmann,
RealAppell,
FcmMicha1,
Rilana41,
Diemo_HARTMAN,
elbewelle,
elbewelle,
AiSardegna,
sx200a,
sx200a,
lelebumm,
clydevpg,
sandra2519691,
FrankfurterDer,
h_c_strafe,
ElmindaAliewa,
Rolando0506,
c4harry,
Lionicon1,
aangelo_ge,
CFortunee,
chrisdean1994,
c4harry,
Rolando0506,
MartinaHolst,
PaulePhanter,
h_c_strafe,
BonhageAnja,
D_EXIT_,
MirkoRieder,
PaulePhanter,
Hevellia64,
c4harry,
c4harry,
Resultat23,
Esperanto33,
Resultat23,
Esperanto33,
Resultat23,
Esperanto33,
Resultat23,
Esperanto33,
Resultat23,
c4harry,
c4harry,
heinrichwiechm1,
von_Steiner,
clairdelalune1,
timonisch,
monongahelaEX,
monongahelaEX,
c4harry,
c4harry,
RAF2attac,
Ovalfuenf,
derjuergen34,
Resultat23,
esch_ernst,
bild06,
TheParrotSaid,
Hazzuriorontes,
tessiner,
XAgathon,
heike1502,
checkerhd,
SeelischeLeere,
Resultat23,
VolkNational,
changeworld2,
Jedi_Knight_Jo,
Scoopic,
Scoopic,
zaubertrik,
mux441,
Scoopic,
Scoopic,
Scoopic,
PaulePhanter,
marcroehlig,
ArwenMagdalena,
ThomasRieger11,
ArwenMagdalena,
tweecix,
wolfwal,
punk_psy,
DasRechtsportal,
MENA_WATCH,
Libelle2000R,
domihol,
Ernst1953Do,
skyman934,
checkerhd,
stoopid_kneegro,
PaulePhanter,
verrRuckte_,
MariaFelicitasP,
reneurban1,
Grandel1,
Barvariano,
ArwenMagdalena,
Colonel_Xaven,
PaulePhanter,
PaulePhanter,
changeworld2,
changeworld2,
KrollJoachim1,
ArwenMagdalena,
wolfwal,
wolfwal,
KrollJoachim1,
KrollJoachim1,
KrollJoachim1,
Null_Euro,
thom2805,
qF5AGxPcRAmthOP,
PaulePhanter,
MXLola5,
wolfwal,
checkerhd,
hmheiner,
Liane13,
DittmarKatrin,
Liane13,
Flutschfinger88,
MXLola5,
Balelt41,
SvenMascha,
DaMb0410,
Alte_Quaste,
CrisisHuman,
Scoopic,
PaulePhanter,
PaulePhanter,
daspunkt,
_macmike,
Johanne92208540,
sproengs,
blacklabel_76,
Rolando0506,
berndfachinsson,
Sonwikblick,
AlterUhu,
principiante_ww,
Barvariano,
en__der7,
AlfredAndPaul,
limurd,
en__der7,
AlfredAndPaul,
Resultat23,
PaulePhanter,
changeworld2,
PaulePhanter,
QuaintAlien,
AndreasTT,
manu_mie,
Gangsterbrain,
Gangsterbrain,
katorin_jou,
ValeriusGladius,
Gangsterbrain,
katorin_jou,
baerchi08,
jo25pa,
baerchi08,
Reality_Chaote,
PaulePhanter,
hachre,
hachre,
hachre,
hachre,
FTtrob,
zaubertrik,
LFClassic,
Mailwurm666,
iLuff1972,
svo_q,
connylogo,
Rolando0506,
ArwenMagdalena,
Ganzedijker,
BOBBY46mm,
more_democracy,
Stormtroepen,
Josie4you,
Gerhard42833386,
daspunkt,
ShieldLive,
zaubertrik,
zaubertrik,
PaulePhanter,
Rolando0506,
emsetoni,
changeworld2,
changeworld2,
Rolando0506,
IngoNorge,
wolfsrebellen,
juergen_p,
UmdenkenJ,
juergen_p,
UmdenkenJ,
juergen_p,
UmdenkenJ,
PaulePhanter,
changeworld2,
changeworld2,
iLuff1972,
ArwenMagdalena,
Rolando0506,
Rolando0506,
Rolando0506,
Rolando0506,
PaulePhanter,
New_Joerg,
PaulePhanter,
lordzwieback,
PaulePhanter,
iLuff1972,
LFClassic,
Rolando0506,
Asansoer35,
tumalwas,
PaulePhanter,
GerlindeRud,
zaubertrik,
KotzenderStern,
rumsibumi,
CopenhagenCrit,
New_Joerg,
ShieldLive,
Resultat23,
drakkalas,
Rolando0506,
Rolando0506,
LieblingGeorge,
_macmike,
Rolando0506,
PaulePhanter,
iecalere,
Rolando0506,
VoiceOfAustria,
berndfachinsson,
Andy_Duphresne,
Iteration23,
Rolando0506,
Resultat23,
New_Joerg,
Rolando0506,
Rolando0506,
langerbeats,
merleane,
PaulePhanter,
New_Joerg,
ArwenMagdalena,
Innenwelttramp,
stubenhooka,
Rolando0506,
Rolando0506,
sf16604,
OuterHeaven1987,
ArwenMagdalena,
changeworld2,
Rolando0506,
ArwenMagdalena,
Rolando0506,
AndreasTT,
Innenwelttramp,
Karlchen0815,
monasterium,
Commander1024,
donlwl,
zaubertrik,
RadioJerewan,
MartinaHolst,
PaulePhanter,
Rolando0506,
iecalere,
3DBEBO,
iecalere,
DaughterZhivago,
karinza001,
VoiceOfAustria,
wolfsrebellen,
Rolando0506,
NetReaper,
MartinaLehmann2,
Rolf12043Rolf,
VoiceOfAustria,
BjoernTheBear,
HurkHans,
Rolando0506,
iecalere,
Rolando0506,
iLuff1972,
ArwenMagdalena,
ArwenMagdalena,
PaulePhanter,
PaulePhanter,
ArwenMagdalena,
Rolando0506,
New_Joerg,
My_God_Is_A_Vow,
TimothyMcAll,
New_Joerg,
New_Joerg,
ArwenMagdalena,
NewTopix365news,
ClaudeClain,
Rolando0506,
Rolando0506,
Rolando0506,
KronawitterR,
PaulePhanter,
JohannGeorgBY,
NewTopix365news,
SiobhanHoffmann,
Angelswings461,
tumalwas,
MartinaLehmann2,
Rolando0506,
New_Joerg,
ArwenMagdalena,
kr4fter_mc,
TomMuenster,
Europazeit,
klausmeier0104,
Rolando0506,
Rolando0506,
SCadeaus,
0192837I,
KronawitterR,
PaulePhanter,
iecalere,
My_God_Is_A_Vow,
Rolando0506,
hansjaaggi,
berndfachinsson,
Rolando0506,
PaulePhanter,
TomMuenster,
TomMuenster,
Rolando0506,
PaulePhanter,
WeCon14,
Rolando0506,
changeworld2,
changeworld2,
changeworld2,
TobiasUnbekannt,
_macmike,
New_Joerg,
Rolando0506,
Rolando0506,
Rolando0506,
