bamabev79,
MRMitchnet,
ForHisGlory52,
CodeOfPatriots,
bamabev79,
rerobin3,
Navyvet270,
ride1hour,
Shewix1,
CriticaSinMiedo,
jstrong244,
OneGuyOneCape,
Brotatopics,
carogonza,
BlameItonBHO,
TrmpPnceMkeSens,
AliM20698746,
AliM20698746,
dgvreiman,
strollinbolin,
rdlee1957,
kieranhannon,
1_Hoof_Hearted,
ConsevePatriot,
downrangewithcw,
Donnam8470Donna,
Hawk14000,
PiesPeggy,
PiesPeggy,
PiesPeggy,
PiesPeggy,
PiesPeggy,
PiesPeggy,
PiesPeggy,
PiesPeggy,
PiesPeggy,
garymoo60767865,
TeamVisionarys,
vlcallender,
EdwardV69772678,
EdwardV69772678,
twitswits,
Warthog360,
EdwardV69772678,
EdwardV69772678,
EdwardV69772678,
Masshole_Rick,
TrmpPnceMkeSens,
Military_First,
