xxXCrossfireXxx,
xxXCrossfireXxx,
xxXCrossfireXxx,
xxXCrossfireXxx,
woaishen123455,
GKeile,
GKeile,
woaishen123455,
woaishen123455,
woaishen123455,
woaishen123455,
BoyfromBurleigh,
ChrisBragdon,
KMGGaryde,
barbiesewandsew,
BBAY798,
Nymnurse,
MarkGilbert1965,
TheMadHessian,
TheMadHessian,
Angela2132,
3PeopleLikeThis,
AdamZebra,
gc_wilson,
ScreamngEagle,
Tunde02532182,
BillBerto33,
ScreamngEagle,
ScreamngEagle,
OrbitUStore,
Jen_N_Russ,
respondix,
SAMMIESMILES8,
kittyssaloon,
BrotherVet,
KimosabeBonet,
DorvalTony,
DorvalTony,
ednaibe79,
bbgenius,
xxXCrossfireXxx,
xxXCrossfireXxx,
RosaleeAdams,
MarkGilbert1965,
Zenko_USA,
Tea_Party_Chris,
B4Blast,
JamesCrawford6,
FishHuntTexas,
ADeplorable777,
karenkaee,
robjh1,
StandUpAnne,
stuartangel11,
ADeplorable777,
eclectichorzman,
TheAdroDynamic,
vipguitarist,
breakinnewz1,
CaseyDre,
TheElectricHub,
NYC_Robinhood,
TurfProsDirect,
tim_fargo,
FroggyDeb2005,
Omgd1295,
barbiesewandsew,
terceirense58,
BrAiNfReEzE69,
bitsy423,
johndpizzaman,
USA_worth_Savin,
JenBsAZ,
NoneYaBeesWax4,
Ianderson444,
Ianderson444,
JstanleyStanley,
jamesbott007,
RickBulow1974,
ryanra,
PatriciaAHenso1,
LonPeaBer,
GKeile,
FailSafe00,
robin_bev,
kalicat2,
judykins11,
spurgeon_pete,
theambergal,
SusanRsburch,
Mariann44764635,
EBZAR,
EBZAR,
eduardo_zorro,
SAMMIESMILES8,
CuringStupid,
JackFindlay3,
JackFindlay3,
eagleattax,
JackFindlay3,
BobRoberts2A,
MYKALFURY,
DavidEngesser,
RosemarieMcNern,
JoeMGoldner,
JoeMGoldner,
DeanSchanzel,
Hotpeperdam,
shepkosky_m,
emptytomb54,
Hotpeperdam,
emptytomb54,
shepkosky_m,
emptytomb54,
riptalkinsports,
MBonifacio2,
AGreatManSaid,
baldeguy56,
CWhittleMedia,
tvigy1,
Woozle_Hunter,
eph4_15,
eph4_15,
BigGator5,
RickBulow1974,
AFP_Utah,
SketchbookAxe,
Pray4US_Daily,
Woozle_Hunter,
RobertJetterJr,
MBonifacio2,
ThinkSchultz,
TheLibertyProj,
theronedwards,
WendyPeterPan4u,
Pray4US_Daily,
Magna_Vita,
GoldBaron08,
YvonneCCOT,
BizNetSC,
Photogbill222,
aaronpellowski,
im2byteme,
sgtthomas85,
LuanaMacLac,
thomasj17431826,
thomasj17431826,
PowersToPeeps,
eph_415,
PecosRoyBean,
burrbunch,
Explain_it_4_me,
WendyPeterPan4u,
RussHansen51,
djmontrella,
MaryfromMarin,
kimkyamaguchi,
bdoghamilton,
GinaGWeiss,
GinaGWeiss,
proudDogmom,
slkeeton,
PJNetPatriot,
aggedor_,
proudDogmom,
I_Am_Here_Still,
RynoOnAir,
RetiredMoonBoot,
DavidJBMiller,
FFRNewsNet1,
RickBulow1974,
DiamonDamien,
freelancewoman,
QRMilitia,
SrgConstitution,
GrayMatterRocks,
Crossbearer1956,
US_P8triot,
RightCaliWomen,
Earl_59,
Doug_39,
Able_49,
JQPatriot,
izzipatriot,
TerryBr22500326,
theVitaGuys,
MosaicMarj,
ellisreyes,
PlayfulWalrus,
roseserao,
Elimelech_Ring,
FFRNewsNet1,
sampedj,
Explain_it_4_me,
Gypsydragup,
Don1howard,
Gypsydragup,
Tillett4CT,
DJGreenwald,
bbgenius,
RickBulow1974,
AmericanMined,
canusada,
ancerrone,
CWO_BOSN4,
tomgreen1959,
tonyk2169,
LibsNoFun,
nanci_pray2jc,
Momofonly3,
DrottM,
mjshelton21,
LibsRNutz,
MiskaPhillip,
MiskaPhillip,
MiskaPhillip,
MiskaPhillip,
MiskaPhillip,
thelegacy09,
gntlman,
patercurans,
FranMontgomery1,
AmericanSpringg,
PratserV,
sdv92,
DCraelin,
mplay0000,
freewillfighter,
DarioWiter1,
usesahoyt,
Good_Old_Bhoy,
VladDavidiuk,
sandiburkwarner,
glasman09,
MAGAAMERICA1,
RFAFreedom76,
RFAFreedom76,
RickBulow1974,
NMsly,
beny_benson,
remzelk1,
NMsly,
67purple,
JVER1,
AndrewManagh,
usmc1ordie,
Reagans_Legacy,
hillbilly717,
NjPringle,
BishopSPope,
thannaing77,
LeeYount,
thannaing77,
Java_penguin,
MBonifacio2,
LeroyWhitby,
Enginerd2004,
Enginerd2004,
Enginerd2004,
LeroyWhitby,
LeroyWhitby,
Enginerd2004,
Enginerd2004,
LeroyWhitby,
LeroyWhitby,
Enginerd2004,
LeroyWhitby,
Enginerd2004,
Enginerd2004,
LeroyWhitby,
