WeCon14,
josh_emerson,
josh_emerson,
WeCon14,
WeCon14,
WeCon14,
A_LuminousOne,
WeCon14,
kengannon777,
EnigmaNetxx,
WeCon14,
WeCon14,
WeCon14,
Areejsiddig,
dalern63,
Concerned_Commy,
goldmtnskier,
DrSpockets,
WeCon14,
anakarinarote72,
CheHambley,
Zz1pp,
KLCanolog,
ConsentNo,
saidsaid_f,
WeCon14,
004nino,
Nury_96,
EOT11092016,
EvolveQuickly,
CharnockWade,
GatoVolador496,
tabanks360,
subliminal_cat,
xavvypls,
MEJ2099,
MEJ2099,
DrumpfFactCheck,
Andyrguapo,
davidBlandry,
Justis4u,
CoombesMostyn,
vruz,
ConsentNo,
ConsentNo,
Anamcara2015,
ChampagneDosser,
ChampagneDosser,
ChampagneDosser,
ChampagneDosser,
ChampagneDosser,
ConsentNo,
ChampagneDosser,
Anamcara2015,
ChampagneDosser,
ConsentNo,
Anamcara2015,
ConsentNo,
ChampagneDosser,
Anamcara2015,
ConsentNo,
ConsentNo,
ConsentNo,
ConsentNo,
ConsentNo,
ChampagneDosser,
ConsentNo,
WeCon14,
Landorcan,
DonnaMaertz,
WheresKarenB,
4evrstardancer,
sheslearning,
changeworld2,
cmmc116,
cmmc116,
cmmc116,
AnnaAielloama,
cmmc116,
cmmc116,
cmmc116,
cmmc116,
cmmc116,
honestruss,
jifuture,
cmmc116,
WeCon14,
WeCon14,
jifuture,
jifuture,
NtimeWelearn,
CHRlSJ0NES,
cmmc116,
cmmc116,
BPDmisconduct,
jifuture,
jifuture,
jifuture,
jifuture,
WeCon14,
DRmhussain3,
WimmerParlatino,
cmmc116,
cmmc116,
jifuture,
TheWarOurTime,
cmmc116,
The2ndguardsUS,
jifuture,
sellsewpb,
jifuture,
VoteFor3rdParty,
TheWarOurTime,
cmmc116,
LiliMoM,
LoveAndCompass,
RickXTN,
jifuture,
changeworld2,
RenieriArts,
jerhyr60,
1Iodin,
Deir_in_DC,
dkrwilliams,
theGenghisJon,
BlueVino,
train0fthoughts,
ajodom60,
sergiez,
Wuodokuta,
jifuture,
Rudy_Servant,
silverkait,
tvdh_3,
JackAnderson75,
changeworld2,
changeworld2,
changeworld2,
mintaka51,
WeCon14,
fenixrzg,
fenixrzg,
fenixrzg,
fenixrzg,
fenixrzg,
fenixrzg,
cwcosimano,
otiose94,
TrumpChess,
changeworld2,
shrk111,
changeworld2,
Bilowzki23,
fergie133,
Bilowzki23,
me__sheer,
jifuture,
thom2805,
thom2805,
UnoTheBassman,
irina_barkham,
Gravim71,
ShoreProgress,
escalatorover,
libbyliberalnyc,
ideassocialista,
Az_BELAHCENE,
xavvypls,
jcball,
phenomelove,
ColoradoJosie,
xavvypls,
