ArtsinNewYork,
ArtsinNewYork,
ArtsinNewYork,
anytimeprofits,
realjdobypr,
leventquisouffl,
theNewsfox,
MOVEprofPHD,
MrNegroMilitant,
WilliamRLBaker,
BRUCEGEORGE1,
IHNDUST3,
BFHSNetwork,
123GreetingsCom,
LiberalsAreNaiv,
starriannapanda,
WarlordGalactic,
atravelersnote,
ArvelMauldin,
Teddyflow,
PLATINUMVOICEPR,
BronzeLens,
SageAuthor,
SageAuthor,
SageAuthor,
SageAuthor,
TNople,
ArticulusRex,
MSforTrump,
hummysgmom,
A_D_Seri,
YaeBandz_Wvy302,
matrigga,
KB2FLY,
Cthulhu_Tweets,
numpty_moan,
Sevendwines,
shelterdoc,
QlaraQontra,
Kaygirl8Lawana,
SanityCheek,
immigrant_legal,
ZaibatsuNews,
immigrant_legal,
KDarden14,
t_lawtoturntup,
littlearthur,
Dubsteptoe,
catwahler,
KARTEL808,
reasonandlogic,
3ChicsPolitico,
DrTonieshaT,
mgmargarita7236,
mikelbtko,
mrsblackngold,
cykelly1718,
TEXlIIllIlI,
Tinaleigh777,
Tinaleigh777,
iDo_Meh,
Lyderary,
