ClemensDiemer,
HoDiWe,
Mister_Heritage,
SteffiBamba,
DavidBinar,
Mister_Heritage,
bloginorange,
annaesch1,
HoDiWe,
jo25pa,
wk_49,
JmxMertens,
vertig0nix,
renatawithhat,
Mister_Heritage,
LeoPumaLove,
ClemensDiemer,
FrankUwe91,
Only1lifeAG,
wk_49,
Rob_Laz,
UweJelting,
Heha141,
HoDiWe,
RBenkeBursian,
HoDiWe,
Preiselbauer,
Heha141,
wk_49,
cemix7,
AliAhmadSha1,
ClemensDiemer,
ClemensDiemer,
DavidBinar,
Matth_CWieg,
OneStepBayond,
Matth_CWieg,
Mike08154,
dimetrodon109,
ICHundS04,
dimetrodon109,
Heha141,
well4tourism,
Balelt41,
WellSpaPortal,
ManfredBuschleb,
Gefuehlsland,
Heha141,
DracoSodalis,
Matth_CWieg,
Heha141,
1QMANN,
1QMANN,
maxwellsinclair,
Staibysser,
michigerda,
joachim_tweets,
Koberind,
krakos_muenchen,
bngrkan,
HoDiWe,
janejane24,
Matth_CWieg,
Matth_CWieg,
Matth_CWieg,
Matth_CWieg,
Heha141,
HoDiWe,
victor5679,
michigerda,
hermann_stiller,
JuergenFrenzel,
michigerda,
Balelt41,
Balelt41,
hansjaaggi,
glenmavis,
dimetrodon109,
Rob_Laz,
charlie_silve,
Rob_Laz,
charlie_silve,
SaschaDecker,
Freude1506,
der_Bahner,
Gefuehlsland,
NegriAlessandra,
MuenchenErleben,
Rob_Laz,
Heha141,
ClemensDiemer,
renatawithhat,
AnnaKastella,
Heha141,
HoDiWe,
wk_49,
Mister_Heritage,
ClemensDiemer,
ClemensDiemer,
KeWittmann,
KeWittmann,
DjJEM,
reimersrick,
grexx1220grexx,
neoM1913,
NegriAlessandra,
MarekMusnicki,
Rob_Laz,
jato122,
horscht_von,
Swisshealthmed,
javierchipi,
Mister_Heritage,
Andreas44260144,
Andreas44260144,
Heha141,
s7amy,
M3MihaiIvascu,
Heha141,
cemix7,
Heha141,
FloWithoutW,
Heha141,
butterflysmilin,
efdlan,
Buntomat,
Heha141,
minxM,
butterflysmilin,
Heha141,
1QMANN,
BabsiPeters,
Jimjimi1,
ErnstWill3,
Heha141,
HuevosDeChivo,
SteffiBamba,
afdmunich,
M3MihaiIvascu,
Heha141,
Heha141,
slsmicha,
cd6daefe7e994ed,
PRManAtWork,
cemix7,
annewolk1,
wk_49,
Heha141,
Heha141,
Walter_G__,
ErnstWill3,
ErnstWill3,
Heha141,
cemix7,
Ronny610813,
cemix7,
MeinAugenlicht,
bloginorange,
Heha141,
Balelt41,
Heha141,
Balelt41,
cemix7,
annewolk1,
Jimjimi1,
ErnstWill3,
ErnstWill3,
ErnstWill3,
Heha141,
cemix7,
JmxMertens,
Matth_CWieg,
Matth_CWieg,
Spockycat,
Mister_Heritage,
Mister_Heritage,
Heha141,
wk_49,
ErnstWill3,
michigerda,
Heha141,
butterflysmilin,
00_genki,
natatata65,
Heha141,
Heha141,
FrankUwe91,
Heha141,
Gletscherprise1,
Matth_CWieg,
Thueringen_,
Heha141,
Buick_Lesabre38,
wk_49,
Alfred996,
Spockycat,
FcaleSG,
fernwehfoto,
Heha141,
Heha141,
Heha141,
Heha141,
bloginorange,
Heha141,
Heha141,
GD_Haffenloher,
Mister_Heritage,
s7amy,
interakt_net,
Heha141,
DidiDohle,
filipposoro,
MGieselmann,
Heha141,
mape340,
ImmoRogers,
ColdEstraven,
raf_vc,
bloginorange,
Matth_CWieg,
PrinsenBarny,
Matth_CWieg,
GD_Haffenloher,
wk_49,
butterflysmilin,
wk_49,
ErnstWill3,
ErnstWill3,
ErnstWill3,
mablupic,
ErnstWill3,
ErnstWill3,
ErnstWill3,
Heha141,
goducho,
Balelt41,
PrinsenBarny,
Matth_CWieg,
ErnstWill3,
StopIllatosut,
StopIllatosut,
Matth_CWieg,
fernwehfoto,
Pluszeit,
KlimAkilla,
bloginorange,
ErnstWill3,
1matjes,
ErnstWill3,
ErnstWill3,
ErnstWill3,
ErnstWill3,
Heha141,
joachim_tweets,
efdlan,
Heha141,
kingsamun,
rmmoosburger,
Matth_CWieg,
Matth_CWieg,
AndreDuda1,
efdlan,
Heha141,
PETA_Presse,
hecktiger,
Heha141,
StefanieZacher,
StefanieZacher,
Matth_CWieg,
Interessenew,
wk_49,
annewolk1,
Matth_CWieg,
ClemensDiemer,
ClemensDiemer,
ClemensDiemer,
ClemensDiemer,
Heha141,
bloginorange,
wk_49,
FrankUwe91,
FrankUwe91,
Heha141,
Matth_CWieg,
Matth_CWieg,
Heha141,
Heha141,
Olafweigl,
krakos_muenchen,
bloginorange,
mitchmann,
Heha141,
Heha141,
Heha141,
Heha141,
zoolander0204,
wk_49,
wk_49,
Matth_CWieg,
Heha141,
monettenom,
wk_49,
Heha141,
efdlan,
dahlandahi,
Heha141,
Selbstdenker75,
wk_49,
Heha141,
Matth_CWieg,
Matth_CWieg,
FrankUwe91,
FrankUwe91,
wk_49,
wk_49,
JSmithTenor,
bloginorange,
Matth_CWieg,
Heha141,
wk_49,
FrankUwe91,
Matth_CWieg,
Matth_CWieg,
Heha141,
jo25pa,
FrankUwe91,
FrankUwe91,
efdlan,
zoolander0204,
Aproonline,
brombeertuerkis,
ausschlaggebend,
wk_49,
Das_Augenlicht,
zoolander0204,
CarolaBothe3,
ErickMller21,
verpeiler,
mickjosi,
mickjosi,
Heha141,
brombeertuerkis,
rebiger,
zuagroasda,
kasulja,
FrankUwe91,
wk_49,
beauty_concept,
Matth_CWieg,
Matth_CWieg,
RedaktionAlthof,
joerg_kruse,
Matth_CWieg,
wk_49,
Kleidergroessen,
Matth_CWieg,
wk_49,
ULintl,
Matth_CWieg,
FrankUwe91,
FrankUwe91,
FrankUwe91,
Hallaschka_HH,
Andi_Barth,
Milka2403,
Thotti22,
emotion4agentur,
mecki_f,
Teddai,
TinaSch49321883,
FrankUwe91,
SeppausBaL,
FrankUwe91,
Matth_CWieg,
Matth_CWieg,
Matth_CWieg,
Matth_CWieg,
Matth_CWieg,
ArnoldSchiller,
zuagroasda,
FrankUwe91,
FrankUwe91,
schnoedtdaniel,
