bitburner,
bitburner,
bitburner,
josh_emerson,
bitburner,
TrickFreee,
josh_emerson,
MorvantCheryl,
josh_emerson,
joe361,
WigginAndrew,
CGolfbag,
loriboud,
josh_emerson,
reactionariez,
LyssAnthrope,
LyssAnthrope,
LyssAnthrope,
LyssAnthrope,
LyssAnthrope,
LyssAnthrope,
LyssAnthrope,
LyssAnthrope,
LyssAnthrope,
LyssAnthrope,
LyssAnthrope,
LyssAnthrope,
LyssAnthrope,
LyssAnthrope,
LyssAnthrope,
LyssAnthrope,
LyssAnthrope,
LyssAnthrope,
LyssAnthrope,
UTMBColo,
RussiaConnects,
UTMBColo,
RussiaConnects,
UTMBColo,
UTMBColo,
RussiaConnects,
UTMBColo,
UTMBColo,
misterron,
ushadrons,
catawu,
educatednvocal,
AltFireAviation,
RepAmWatch,
Madison_Jourdan,
z3dster,
z3dster,
z3dster,
LibsInAmerica,
LyssAnthrope,
MsKunatai,
Ringo_Salmon,
lloyd_t_spencer,
lethomas1294,
hikakO_o,
DregsFrolics,
bootsqueak,
Flies4no1,
StockScout1,
iam_truthseeker,
SilverbearHeart,
SilverbearHeart,
SilverbearHeart,
EvingerRobert,
stephenlautens,
bgsharpy,
lacscully,
heartofmel,
olgaNYC1211,
DerrickJohanna,
Sir_Jayxx4,
loriboud,
PatriotDames,
LyssAnthrope,
goddamnshitpiss,
kitten712,
JuradoNYC,
hollidayit,
CJJonestown,
americandailys,
aheadlinenews,
DeepStLearning,
James_J_Devine,
hikakO_o,
